ID,Text
cGameSceneNPCScriptReference302E,さ……さくらさん!<BR>あ……あれは　まさか……
cGameSceneNPCScriptReference302F,あれが　『まかいのトビラ』<BR>じゃ　ないですか?
cGameSceneNPCScriptReference3030,ええ……<BR>そうに　ちがいありませんね。
cGameSceneNPCScriptReference3031,!!
cGameSceneNPCScriptReference3032,あっ!<BR>あとすこしで　かんぜんに<BR>ひらいてしまいます!!
cGameSceneNPCScriptReference3033,はやく　トビラを<BR>とじないと!!<BR>…………でも　どうやって……<BR>……………………………………
cGameSceneNPCScriptReference3034,さくらさん。<BR>ここにある　だいざみたいな<BR>ものは　もしかして……
cGameSceneNPCScriptReference3035,……これは　いかにも<BR>『まじんき・けん』を<BR>おいてくれと　いわんばかりの<BR>だいざですね。
cGameSceneNPCScriptReference3036,あちらは　どうでしょう?
cGameSceneNPCScriptReference3037,こちらは　どうやら<BR>『まじんき・たま』を<BR>おくための　だいざの<BR>ようですね。
cGameSceneNPCScriptReference3038,<NAME>さん。<BR>むこうの　だいざは<BR>どうですか?
cGameSceneNPCScriptReference3039,こっちは……<BR>『まじんき・かがみ』を<BR>おく　だいざの　ようです。
cGameSceneNPCScriptReference303A,どういうこと<BR>なんでしょう……
cGameSceneNPCScriptReference303B,おそらく……　『まじんき』が<BR>この　『まかいのトビラ』の<BR>カギになってるんじゃ<BR>ないでしょうか?
cGameSceneNPCScriptReference303C,じゃあ　はやく<BR>『まじんき』を　つかって<BR>あの　トビラを　とじないと!
cGameSceneNPCScriptReference303D,そうですね!<BR>おおいそぎで　だいざに<BR>『まじんき』をおいて<BR>いきましょう!
cGameSceneNPCScriptReference303E,あっ!
cGameSceneNPCScriptReference303F,しまった!<BR>トビラが　かんぜんに<BR>ひらいてしまったわ!!
cGameSceneNPCScriptReference3040,<NAME>さん!　<BR>きをつけてください!!<BR>じゃあくな　れいりょくを<BR>かんじます!!!
cGameSceneNPCScriptReference3041,われの　めざめを<BR>じゃまするものは<BR>だれだ……
cGameSceneNPCScriptReference3042,ボクは<BR>ていこくかげきだん・はなぐみ<BR><NAME>だ!
cGameSceneNPCScriptReference3043,おまえは　なにものだ!
cGameSceneNPCScriptReference3044,われは　まかいおう……<BR>ちのそこにて　ながくねむりし<BR>まもののおう。
cGameSceneNPCScriptReference3045,きょだいな　ちからにより<BR>トビラが　ひらかれし<BR>いま……
cGameSceneNPCScriptReference3046,われら　まものが<BR>ちじょうを　しはいする……
cGameSceneNPCScriptReference3047,おまえも　まものとなり<BR>われと　ともに　ちじょうを<BR>はかいしつくさぬか?
cGameSceneNPCScriptReference3048,おもしろそうだ
cGameSceneNPCScriptReference304A,バカなことをいうな!
cGameSceneNPCScriptReference304C,おもしろそうだな!
cGameSceneNPCScriptReference304D,<NAME>さん!<BR>なに　バカなこと<BR>いってるんですか!!
cGameSceneNPCScriptReference304E,よし!　<BR>ボクも　まものになって<BR>せかいを　しはいしてやる!
cGameSceneNPCScriptReference304F,フフフフフフ……<BR>ならば　われのもとへ……
cGameSceneNPCScriptReference3050,せかいは　まかいおうと<BR><NAME>によって<BR>ほろぼされた。
cGameSceneNPCScriptReference3051,　　　ゲームオーバー
cGameSceneNPCScriptReference3052,バカなことをいうな!
cGameSceneNPCScriptReference3053,ちじょうを　はかいだなんて<BR>そんなこと　させるものか!!
cGameSceneNPCScriptReference3054,そのとおりです!<BR>ていとの　へいわを<BR>まもるのが　あたしたち
cGameSceneNPCScriptReference3055,ていこくかげきだんの<BR>しめい　なんですから!!
cGameSceneNPCScriptReference3056,フフフ……そうか<BR>ざんねんだが　それならば<BR>しかたがない……
cGameSceneNPCScriptReference3057,おまえたちには<BR>ここで　しんでもらう……
cGameSceneNPCScriptReference3058,!!!
cGameSceneNPCScriptReference3059,グォォォ……
cGameSceneNPCScriptReference305A,す……　すごく………………<BR>じゃあくで　つよい…………<BR>れいりょくだわ………………
cGameSceneNPCScriptReference305B,フフ……おまえたち……<BR>わが　しもべに<BR>かなうかな……
cGameSceneNPCScriptReference305C,たとえ　どんなに<BR>つよい　まものでも<BR>あたしたちは　まけないわ!<BR>ねっ!　<NAME>さん!!
cGameSceneNPCScriptReference305D,はい!
cGameSceneNPCScriptReference305F,はい!　もちろんです!!<BR>さくらさん!<BR>ボクたちの　チカラを<BR>みせてやりましょう!!
cGameSceneNPCScriptReference3060,もちろんですよ<BR><NAME>さん!!
cGameSceneNPCScriptReference3061,いざ!　かくご!!
cGameSceneNPCScriptReference3063,……………………………………
cGameSceneNPCScriptReference3064,<NAME>さん<BR>きんちょうしなくても<BR>だいじょうぶですよ。
cGameSceneNPCScriptReference3065,いまの　<NAME>さんなら<BR>だいじょうぶです!
cGameSceneNPCScriptReference3066,さあ　いきますよ!
cGameSceneNPCScriptReference3067,グオァアァアァァァ〜〜!!
cGameSceneNPCScriptReference3068,やりましたね!<BR>さくらさん!!
cGameSceneNPCScriptReference3069,ええ　やりましたね!<BR><NAME>さん!!
cGameSceneNPCScriptReference306A,まかいおう!<BR>おまえの　てしたも<BR>たいしたこと　ないわね!
cGameSceneNPCScriptReference306B,フ……フハハハハハ!!
cGameSceneNPCScriptReference306C,な……<BR>なにが　おかしい!!
cGameSceneNPCScriptReference306D,フハハハ……　なかなか<BR>やるではないか……
cGameSceneNPCScriptReference306E,おまえたちを　たおし<BR>まものにかえて<BR>われの　あたらしい<BR>しもべと　してやろう。
cGameSceneNPCScriptReference306F,な　なんですって?!
cGameSceneNPCScriptReference3070,そんなことは　させない!
cGameSceneNPCScriptReference3072,そんなことは　させない!<BR>やられるのは　おまえだ!!<BR>まかいおう!!!
cGameSceneNPCScriptReference3073,そのとおりよ!<BR>おまえを　たおして<BR>にどと　よみがえらないよう<BR>ふういんして　あげるわ!
cGameSceneNPCScriptReference3075,……………………………………
cGameSceneNPCScriptReference3076,そんなことは　させないわ!<BR>やられるのは　おまえよ!!<BR>まかいおう!!!
cGameSceneNPCScriptReference3077,おまえを　たおし<BR>にどと　よみがえらないよう<BR>ふういんします!!
cGameSceneNPCScriptReference3078,フフフ……<BR>できるかな?……
cGameSceneNPCScriptReference3079,いきますよ!<BR><NAME>さん!!
cGameSceneNPCScriptReference307A,うおおおおおおおおおおおおお<BR>おおおおおおおおおおおおおお<BR>おおおおおおおおおおおおおお<BR>おおおおおーーーーーーーっ!
cGameSceneNPCScriptReference307B,おぼえておれ……<BR>われは　なんどでも<BR>よみがえってくる……<BR>ぐぅっ……!!!
cGameSceneNPCScriptReference307C,はあ……はあ……や……<BR>やりましたね　さくらさん。
cGameSceneNPCScriptReference307D,<NAME>さん!<BR>『まじんき』を　はやく<BR>だいざに!
cGameSceneNPCScriptReference307E,あの　トビラを　えいえんに<BR>とじるんです!!
cGameSceneNPCScriptReference307F,まずは　『まじんき・かがみ』<BR>を……
cGameSceneNPCScriptReference3080,よし!<BR>つぎは……と
cGameSceneNPCScriptReference3081,ここは　『まじんき・たま』<BR>だな……
cGameSceneNPCScriptReference3082,よし!<BR>さいごは……
cGameSceneNPCScriptReference3083,『まじんき・けん』だ!
cGameSceneNPCScriptReference3084,よし!<BR>ぜんぶ　おいたぞ。
cGameSceneNPCScriptReference3085,……!!<BR>みて!　<NAME>さん!!
cGameSceneNPCScriptReference3086,さくらさん……
cGameSceneNPCScriptReference3087,<NAME>さん<BR>ついに　やりましたね。
cGameSceneNPCScriptReference3088,はい!<BR>…………でも
cGameSceneNPCScriptReference3089,『まじんき』を<BR>かいしゅうするだけの<BR>にんむ　だったのに<BR>こんなことに　なるなんて……
cGameSceneNPCScriptReference308A,そうですね……<BR>まさか　ちじょうの　しはいを<BR>たくらむものが　こんな　<BR>ところに　いるなんて……
cGameSceneNPCScriptReference308B,それにしても<BR><NAME>さんは<BR>ほんとうに　よく<BR>がんばりましたね。
cGameSceneNPCScriptReference308C,こころから　おれいを<BR>いわせてもらいます。<BR>ありがとう　ございました。
cGameSceneNPCScriptReference308D,さあ　『まじんき』を<BR>もって　ていげきに<BR>かえりましょう!
cGameSceneNPCScriptReference308E,にんむかんりょう!<BR>ていげきに　かえりましょう<BR><NAME>さん!!
cGameSceneNPCScriptReference308F,さ……さくらさん!<BR>あ……あれは　まさか……
cGameSceneNPCScriptReference3090,あれが　『まかいのトビラ』<BR>じゃ　ないですか?
cGameSceneNPCScriptReference3091,ええ……<BR>そうに　ちがいありませんね。
cGameSceneNPCScriptReference3092,!!
cGameSceneNPCScriptReference3093,あっ!<BR>あとすこしで　かんぜんに<BR>ひらいてしまいます!!
cGameSceneNPCScriptReference3094,はやく　トビラを<BR>とじないと!!<BR>…………でも　どうやって……<BR>……………………………………
cGameSceneNPCScriptReference3095,さくらさん。<BR>ここにある　だいざみたいな<BR>ものは　もしかして……
cGameSceneNPCScriptReference3096,……これは　いかにも<BR>『まじんき・けん』を<BR>おいてくれと　いわんばかりの<BR>だいざですね。
cGameSceneNPCScriptReference3097,あちらは　どうでしょう?
cGameSceneNPCScriptReference3098,こちらは　どうやら<BR>『まじんき・たま』を<BR>おくための　だいざの<BR>ようですね。
cGameSceneNPCScriptReference3099,<NAME>さん。<BR>むこうの　だいざは<BR>どうですか?
cGameSceneNPCScriptReference309A,こっちは……<BR>『まじんき・かがみ』を<BR>おく　だいざの　ようです。
cGameSceneNPCScriptReference309B,どういうこと<BR>なんでしょう……
cGameSceneNPCScriptReference309C,おそらく……　『まじんき』が<BR>この　『まかいのトビラ』の<BR>カギになってるんじゃ<BR>ないでしょうか?
cGameSceneNPCScriptReference309D,では　いっこくもはやく<BR>『まじんき』を　つかって<BR>あの　トビラを　とじないと<BR>いけませんね!
cGameSceneNPCScriptReference309E,そうですね!<BR>おおいそぎで　だいざに<BR>『まじんき』をおいて<BR>いきましょう!
cGameSceneNPCScriptReference309F,あっ!
cGameSceneNPCScriptReference30A0,しまった!<BR>トビラが　かんぜんに<BR>ひらいてしまったわ!!
cGameSceneNPCScriptReference30A1,<NAME>さん!　<BR>きをつけてください!!<BR>じゃあくな　れいりょくを<BR>かんじます!!!
cGameSceneNPCScriptReference30A2,われの　めざめを<BR>じゃまするものは<BR>だれだ……
cGameSceneNPCScriptReference30A3,わたしは<BR>ていこくかげきだん・はなぐみ<BR><NAME>!!
cGameSceneNPCScriptReference30A4,おまえは　なにもの!
cGameSceneNPCScriptReference30A5,われは　まかいおう……<BR>ちのそこにて　ながくねむりし<BR>まもののおう。
cGameSceneNPCScriptReference30A6,きょだいな　ちからにより<BR>トビラが　ひらかれし<BR>いま……
cGameSceneNPCScriptReference30A7,われら　まものが<BR>ちじょうを　しはいする……
cGameSceneNPCScriptReference30A8,おまえも　まものとなり<BR>われと　ともに　ちじょうを<BR>はかいしつくさぬか?
cGameSceneNPCScriptReference30A9,おもしろそうね
cGameSceneNPCScriptReference30AB,おことわりよ!!
cGameSceneNPCScriptReference30AD,おもしろそうね!
cGameSceneNPCScriptReference30AE,<NAME>さん!<BR>なに　バカなこと<BR>いってるんですか!!
cGameSceneNPCScriptReference30AF,よーし!　<BR>わたしも　まものになって<BR>せかいを　しはい<BR>しちゃおっと!
cGameSceneNPCScriptReference30B0,フフフフフフ……<BR>ならば　われのもとへ……
cGameSceneNPCScriptReference30B1,せかいは　まかいおうと<BR><NAME>によって<BR>ほろぼされた。
cGameSceneNPCScriptReference30B2,　　　ゲームオーバー
cGameSceneNPCScriptReference30B3,おことわりよ!!
cGameSceneNPCScriptReference30B4,ちじょうを　はかいだなんて<BR>そんなこと<BR>させるもんですか!!
cGameSceneNPCScriptReference30B5,そのとおりです!<BR>ていとの　へいわを<BR>まもるのが　あたしたち
cGameSceneNPCScriptReference30B6,ていこくかげきだんの<BR>しめい　なんですから!!
cGameSceneNPCScriptReference30B7,フフフ……そうか<BR>ざんねんだが　それならば<BR>しかたがない……
cGameSceneNPCScriptReference30B8,おまえたちには<BR>ここで　しんでもらう……
cGameSceneNPCScriptReference30B9,!!!
cGameSceneNPCScriptReference30BA,グォォォ……
cGameSceneNPCScriptReference30BB,す……　すごく………………<BR>じゃあくで　つよい…………<BR>れいりょくだわ………………
cGameSceneNPCScriptReference30BC,フフ……おまえたち……<BR>わが　しもべに<BR>かなうかな……
cGameSceneNPCScriptReference30BD,たとえ　どんなに<BR>つよい　まものでも<BR>あたしたちは　まけないわ!<BR>ねっ!　<NAME>さん!!
cGameSceneNPCScriptReference30BE,はい!
cGameSceneNPCScriptReference30C0,はい!　もちろんです!!<BR>さくらさん!<BR>わたしたちの　チカラを<BR>みせてやりましょう!!
cGameSceneNPCScriptReference30C1,もちろんですよ!<BR><NAME>さん!!
cGameSceneNPCScriptReference30C2,いざ!　かくご!!
cGameSceneNPCScriptReference30C4,……………………………………
cGameSceneNPCScriptReference30C5,<NAME>さん<BR>きんちょうしなくても<BR>だいじょうぶですよ。
cGameSceneNPCScriptReference30C6,いまの　<NAME>さんなら<BR>だいじょうぶです!
cGameSceneNPCScriptReference30C7,さあ　いきますよ!
cGameSceneNPCScriptReference30C8,グオァアァアァァァ〜〜!!
cGameSceneNPCScriptReference30C9,やりましたね!<BR>さくらさん!!
cGameSceneNPCScriptReference30CA,ええ　やりましたね!<BR><NAME>さん!!
cGameSceneNPCScriptReference30CB,まかいおう!<BR>おまえの　てしたも<BR>たいしたこと　ないわね!
cGameSceneNPCScriptReference30CC,フ……フハハハハハ!!
cGameSceneNPCScriptReference30CD,な……<BR>なにが　おかしい!!
cGameSceneNPCScriptReference30CE,フハハハ……　なかなか<BR>やるではないか……
cGameSceneNPCScriptReference30CF,おまえたちを　たおし<BR>まものにかえて<BR>われの　あたらしい<BR>しもべと　してやろう。
cGameSceneNPCScriptReference30D0,な　なんですって?!
cGameSceneNPCScriptReference30D1,そんなことは　させないわ!
cGameSceneNPCScriptReference30D3,そんなことは　させないわ!<BR>やられるのは　おまえよ!!<BR>まかいおう!!!
cGameSceneNPCScriptReference30D4,そのとおりよ!<BR>おまえを　たおして<BR>にどと　よみがえらないよう<BR>ふういんしてあげるわ!
cGameSceneNPCScriptReference30D6,……………………………………
cGameSceneNPCScriptReference30D7,そんなことは　させないわ!<BR>やられるのは　おまえよ!!<BR>まかいおう!!!
cGameSceneNPCScriptReference30D8,おまえを　たおし<BR>にどと　よみがえらないよう<BR>ふういんします!!
cGameSceneNPCScriptReference30D9,フフフ……<BR>できるかな?……
cGameSceneNPCScriptReference30DA,いきますよ!<BR><NAME>さん!!
cGameSceneNPCScriptReference30DB,うおおおおおおおおおおおおお<BR>おおおおおおおおおおおおおお<BR>おおおおおおおおおおおおおお<BR>おおおおおーーーーーーーっ!
cGameSceneNPCScriptReference30DC,おぼえておれ……<BR>われは　なんどでも<BR>よみがえってくる……<BR>ぐぅっ……!!!
cGameSceneNPCScriptReference30DD,はあ……はあ……や……<BR>やりましたね　さくらさん。
cGameSceneNPCScriptReference30DE,<NAME>さん!<BR>『まじんき』を　はやく<BR>だいざに!
cGameSceneNPCScriptReference30DF,あの　トビラを　えいえんに<BR>とじるんです!!
cGameSceneNPCScriptReference30E0,まずは　『まじんき・かがみ』<BR>を……
cGameSceneNPCScriptReference30E1,よし!<BR>つぎは……と
cGameSceneNPCScriptReference30E2,ここは　『まじんき・たま』<BR>ね……
cGameSceneNPCScriptReference30E3,よし!<BR>さいごは……
cGameSceneNPCScriptReference30E4,『まじんき・けん』よ!
cGameSceneNPCScriptReference30E5,よし!<BR>ぜんぶ　おいたわ。
cGameSceneNPCScriptReference30E6,……!!<BR>みて!　<NAME>さん!!
cGameSceneNPCScriptReference30E7,さくらさん……
cGameSceneNPCScriptReference30E8,<NAME>さん<BR>ついに　やりましたね。
cGameSceneNPCScriptReference30E9,はい!<BR>…………でも
cGameSceneNPCScriptReference30EA,『まじんき』を<BR>かいしゅうするだけの<BR>にんむ　だったのに<BR>こんなことに　なるなんて……
cGameSceneNPCScriptReference30EB,そうですね……<BR>まさか　ちじょうの　しはいを<BR>たくらむものが　こんな　<BR>ところに　いるなんて……
cGameSceneNPCScriptReference30EC,それにしても<BR><NAME>さんは<BR>ほんとうに　よく<BR>がんばりましたね。
cGameSceneNPCScriptReference30ED,こころから　おれいを<BR>いわせてもらいます。<BR>ありがとう　ございました。
cGameSceneNPCScriptReference30EE,さあ　『まじんき』を<BR>もって　ていげきに<BR>かえりましょう!
cGameSceneNPCScriptReference30EF,にんむかんりょう!<BR>ていげきに　かえりましょう<BR><NAME>さん!!
cGameSceneNPCScriptReference30F0,す……すみれさん!<BR>あ……あれは　まさか……
cGameSceneNPCScriptReference30F1,あれが　『まかいのトビラ』<BR>じゃ　ないですか?
cGameSceneNPCScriptReference30F2,ええ……<BR>きっと　そうに<BR>ちがいありませんわ……
cGameSceneNPCScriptReference30F3,!!
cGameSceneNPCScriptReference30F4,たいへんですわ!<BR>あとすこしで　かんぜんに<BR>ひらいてしまいますわ!!
cGameSceneNPCScriptReference30F5,どうにかして　はやく<BR>トビラを　とじないと<BR>いけませんわ!!
cGameSceneNPCScriptReference30F6,すみれさん!<BR>ここにある　だいざみたいな<BR>ものは　もしかして……
cGameSceneNPCScriptReference30F7,……これは　いかにも<BR>『まじんき・けん』を<BR>おいてくれと　いわんばかりの<BR>だいざですわね。
cGameSceneNPCScriptReference30F8,あちらは　どうでしょう?
cGameSceneNPCScriptReference30F9,こちらは　どうやら<BR>『まじんき・たま』を<BR>おくための　だいざの<BR>ようですわね。
cGameSceneNPCScriptReference30FA,<NAME>さん。<BR>むこうの　だいざは<BR>どうですか?
cGameSceneNPCScriptReference30FB,こっちは……<BR>『まじんき・かがみ』を<BR>おく　だいざの　ようです。
cGameSceneNPCScriptReference30FC,どういうこと<BR>なんでしょう……
cGameSceneNPCScriptReference30FD,おそらく……　『まじんき』が<BR>この　『まかいのトビラ』の<BR>カギになっている……<BR>そんな　ところでしょう……
cGameSceneNPCScriptReference30FE,じゃあ　はやく<BR>『まじんき』を　つかって<BR>あの　トビラを　とじないと!
cGameSceneNPCScriptReference30FF,そうですわね。<BR>いそいで　だいざに<BR>『まじんき』を　おいて<BR>いきますわよ。
cGameSceneNPCScriptReference3100,あっ!<BR>いけませんわ!
cGameSceneNPCScriptReference3101,まにあわなかった<BR>ようですわね……<BR>トビラが　かんぜんに<BR>ひらいてしまいましたわ。
cGameSceneNPCScriptReference3102,<NAME>さん!　<BR>きをつけなさい!<BR>じゃあくな　れいりょくを<BR>かんじますわ!!!
cGameSceneNPCScriptReference3103,われの　めざめを<BR>じゃまするものは<BR>だれだ……
cGameSceneNPCScriptReference3104,ボクは<BR>ていこくかげきだん・はなぐみ<BR><NAME>だ!
cGameSceneNPCScriptReference3105,おまえは　なにものだ!
cGameSceneNPCScriptReference3106,われは　まかいおう……<BR>ちのそこにて　ながくねむりし<BR>まもののおう。
cGameSceneNPCScriptReference3107,きょだいな　ちからにより<BR>トビラが　ひらかれし<BR>いま……
cGameSceneNPCScriptReference3108,われら　まものが<BR>ちじょうを　しはいする……
cGameSceneNPCScriptReference3109,おまえも　まものとなり<BR>われと　ともに　ちじょうを<BR>はかいしつくさぬか?
cGameSceneNPCScriptReference310A,おもしろそうだ
cGameSceneNPCScriptReference310C,バカなことをいうな!
cGameSceneNPCScriptReference310E,おもしろそうだな!
cGameSceneNPCScriptReference310F,<NAME>さん!<BR>なに　バカなこと<BR>いってるんですの?!
cGameSceneNPCScriptReference3110,よし!　<BR>ボクも　まものになって<BR>せかいを　しはいしてやる!
cGameSceneNPCScriptReference3111,フフフフフフ……<BR>ならば　われのもとへ……
cGameSceneNPCScriptReference3112,せかいは　まかいおうと<BR><NAME>によって<BR>ほろぼされた。
cGameSceneNPCScriptReference3113,　　　ゲームオーバー
cGameSceneNPCScriptReference3114,バカなことをいうな!
cGameSceneNPCScriptReference3115,ちじょうを　はかいだなんて<BR>そんなこと　させるものか!!
cGameSceneNPCScriptReference3116,そのとおりですわ!<BR>ていとの　へいわを<BR>まもるのが　わたくしたち
cGameSceneNPCScriptReference3117,ていこくかげきだんの<BR>しめい　なのですから!!
cGameSceneNPCScriptReference3118,フフフ……そうか<BR>ざんねんだが　それならば<BR>しかたがない……
cGameSceneNPCScriptReference3119,おまえたちには<BR>ここで　しんでもらう……
cGameSceneNPCScriptReference311A,!!!
cGameSceneNPCScriptReference311B,グォォォ……
cGameSceneNPCScriptReference311C,す……　すごく………………<BR>じゃあくで　つよい…………<BR>れいりょくですわ……………
cGameSceneNPCScriptReference311D,フフ……おまえたち……<BR>わが　しもべに<BR>かなうかな……
cGameSceneNPCScriptReference311E,この　わたくしに　たおせぬ<BR>まものなど　このよに<BR>そんざいしませんわ!<BR>ねっ!　<NAME>さん!!
cGameSceneNPCScriptReference311F,はい!
cGameSceneNPCScriptReference3121,はい!　そのとおりです!<BR>すみれさん!!<BR>ボクたちの　チカラを<BR>みせてやりましょう!!
cGameSceneNPCScriptReference3122,もちろんですわ!<BR>わたくしのチカラを<BR>ぞんぶんに　みせつけて<BR>さしあげますわ!!
cGameSceneNPCScriptReference3123,いきますわよ!!
cGameSceneNPCScriptReference3125,……………………………………
cGameSceneNPCScriptReference3126,<NAME>さん<BR>きんちょうしなくても<BR>だいじょうぶですよ。
cGameSceneNPCScriptReference3127,この　かんざき　すみれが<BR>いっしょに　いるのですから。
cGameSceneNPCScriptReference3128,さあ　いきますわよ!
cGameSceneNPCScriptReference3129,グオァアァアァァァ〜〜!!
cGameSceneNPCScriptReference312A,やりましたね!<BR>すみれさん!!
cGameSceneNPCScriptReference312B,ええ　やりましたわね!<BR><NAME>さん!!
cGameSceneNPCScriptReference312C,まかいおう　とやら。<BR>おまえの　てしたも<BR>たいしたこと<BR>ありませんわね。
cGameSceneNPCScriptReference312D,フ……フハハハハハ!!
cGameSceneNPCScriptReference312E,な……<BR>なにが　おかしいのです!!
cGameSceneNPCScriptReference312F,フハハハ……　なかなか<BR>やるではないか……
cGameSceneNPCScriptReference3130,おまえたちを　たおし<BR>まものにかえて<BR>われの　あたらしい<BR>しもべと　してやろう。
cGameSceneNPCScriptReference3131,な　なんですって?!
cGameSceneNPCScriptReference3132,そんなことは　させない!
cGameSceneNPCScriptReference3134,そんなことは　させない!<BR>やられるのは　おまえだ!!<BR>まかいおう!!!
cGameSceneNPCScriptReference3135,そのとおりですわ!<BR>おまえを　たおして<BR>にどと　よみがえらないよう<BR>ふういん　いたします!!
cGameSceneNPCScriptReference3137,……………………………………
cGameSceneNPCScriptReference3138,そんなこと　させませんわ!<BR>やられるのは　おまえです!<BR>まかいおう!!!
cGameSceneNPCScriptReference3139,おまえを　たおして<BR>にどと　よみがえらないよう<BR>ふういん　いたしますわ!!
cGameSceneNPCScriptReference313A,フフフ……<BR>できるかな?……
cGameSceneNPCScriptReference313B,いきますわよ!<BR><NAME>さん!!
cGameSceneNPCScriptReference313C,うおおおおおおおおおおおおお<BR>おおおおおおおおおおおおおお<BR>おおおおおおおおおおおおおお<BR>おおおおおーーーーーーーっ!
cGameSceneNPCScriptReference313D,おぼえておれ……<BR>われは　なんどでも<BR>よみがえってくる……<BR>ぐぅっ……!!!
cGameSceneNPCScriptReference313E,はあ……はあ……や……<BR>やりましたね　すみれさん。
cGameSceneNPCScriptReference313F,<NAME>さん!<BR>『まじんき』を　はやく<BR>だいざに!
cGameSceneNPCScriptReference3140,あの　トビラを　えいえんに<BR>とじるのです!!
cGameSceneNPCScriptReference3141,まずは　『まじんき・かがみ』<BR>を……
cGameSceneNPCScriptReference3142,よし!<BR>つぎは……と
cGameSceneNPCScriptReference3143,ここは　『まじんき・たま』<BR>だな……
cGameSceneNPCScriptReference3144,よし!<BR>さいごは……
cGameSceneNPCScriptReference3145,『まじんき・けん』だ!
cGameSceneNPCScriptReference3146,よし!<BR>ぜんぶ　おいたぞ。
cGameSceneNPCScriptReference3147,……!!<BR><NAME>さん!<BR>ごらんになって!!
cGameSceneNPCScriptReference3148,すみれさん……
cGameSceneNPCScriptReference3149,<NAME>さん<BR>ついに　やりましたわね。
cGameSceneNPCScriptReference314A,はい!<BR>…………でも
cGameSceneNPCScriptReference314B,『まじんき』を<BR>かいしゅうするだけの<BR>にんむ　だったのに<BR>こんなことに　なるなんて……
cGameSceneNPCScriptReference314C,そうですわね……<BR>まさか　ちじょうの　しはいを<BR>たくらむものが　いたなんて…<BR>…………
cGameSceneNPCScriptReference314D,それにしても<BR><NAME>さんは<BR>ほんとうに　よく<BR>がんばりましたわよ。
cGameSceneNPCScriptReference314E,ほめて　さしあげますわ。
cGameSceneNPCScriptReference314F,さあ　『まじんき』を<BR>もって　ていげきに<BR>かえりますわよ!
cGameSceneNPCScriptReference3150,にんむかんりょう!<BR><NAME>さん!<BR>ていげきへ　かえりますわよ!
cGameSceneNPCScriptReference3151,す……すみれさん!<BR>あ……あれは　まさか……
cGameSceneNPCScriptReference3152,あれが　『まかいのトビラ』<BR>じゃ　ないですか?
cGameSceneNPCScriptReference3153,ええ……<BR>きっと　そうに<BR>ちがいありませんわ……
cGameSceneNPCScriptReference3154,!!
cGameSceneNPCScriptReference3155,たいへんですわ!<BR>あとすこしで　かんぜんに<BR>ひらいてしまいますわ!!
cGameSceneNPCScriptReference3156,どうにかして　はやく<BR>トビラを　とじないと<BR>いけませんわ!!
cGameSceneNPCScriptReference3157,すみれさん!<BR>ここにある　だいざみたいな<BR>ものは　もしかして……
cGameSceneNPCScriptReference3158,……これは　いかにも<BR>『まじんき・けん』を<BR>おいてくれと　いわんばかりの<BR>だいざですわね。
cGameSceneNPCScriptReference3159,あちらは　どうでしょう?
cGameSceneNPCScriptReference315A,こちらは　どうやら<BR>『まじんき・たま』を<BR>おくための　だいざの<BR>ようですわね。
cGameSceneNPCScriptReference315B,<NAME>さん。<BR>むこうの　だいざは<BR>どうですか?
cGameSceneNPCScriptReference315C,こっちは……<BR>『まじんき・かがみ』を<BR>おく　だいざの　ようです。
cGameSceneNPCScriptReference315D,どういうこと<BR>なんでしょう……
cGameSceneNPCScriptReference315E,おそらく……　『まじんき』が<BR>この　『まかいのトビラ』の<BR>カギになっている……<BR>そんな　ところでしょう……
cGameSceneNPCScriptReference315F,では　いっこくもはやく<BR>『まじんき』を　つかって<BR>あの　トビラを　とじないと<BR>いけませんね!
cGameSceneNPCScriptReference3160,そうですわね。<BR>いそいで　だいざに<BR>『まじんき』を　おいて<BR>いきますわよ。
cGameSceneNPCScriptReference3161,あっ!<BR>いけませんわ!
cGameSceneNPCScriptReference3162,まにあわなかった<BR>ようですわね……<BR>トビラが　かんぜんに<BR>ひらいてしまいましたわ。
cGameSceneNPCScriptReference3163,<NAME>さん!　<BR>きをつけなさい!<BR>じゃあくな　れいりょくを<BR>かんじますわ!!!
cGameSceneNPCScriptReference3164,われの　めざめを<BR>じゃまするものは<BR>だれだ……
cGameSceneNPCScriptReference3165,わたしは<BR>ていこくかげきだん・はなぐみ<BR><NAME>!!
cGameSceneNPCScriptReference3166,おまえは　なにもの!
cGameSceneNPCScriptReference3167,われは　まかいおう……<BR>ちのそこにて　ながくねむりし<BR>まもののおう。
cGameSceneNPCScriptReference3168,きょだいな　ちからにより<BR>トビラが　ひらかれし<BR>いま……
cGameSceneNPCScriptReference3169,われら　まものが<BR>ちじょうを　しはいする……
cGameSceneNPCScriptReference316A,おまえも　まものとなり<BR>われと　ともに　ちじょうを<BR>はかいしつくさぬか?
cGameSceneNPCScriptReference316B,おもしろそうね
cGameSceneNPCScriptReference316D,おことわりよ!!
cGameSceneNPCScriptReference316F,おもしろそうね!
cGameSceneNPCScriptReference3170,<NAME>さん!<BR>なに　バカなこと<BR>いってるんですの?!
cGameSceneNPCScriptReference3171,よーし!　<BR>わたしも　まものになって<BR>せかいを　しはい<BR>しちゃおっと!
cGameSceneNPCScriptReference3172,フフフフフフ……<BR>ならば　われのもとへ……
cGameSceneNPCScriptReference3173,せかいは　まかいおうと<BR><NAME>によって<BR>ほろぼされた。
cGameSceneNPCScriptReference3174,　　　ゲームオーバー
cGameSceneNPCScriptReference3175,おことわりよ!!
cGameSceneNPCScriptReference3176,ちじょうを　はかいだなんて<BR>そんなこと<BR>させるもんですか!!
cGameSceneNPCScriptReference3177,そのとおりですわ!<BR>ていとの　へいわを<BR>まもるのが　わたくしたち
cGameSceneNPCScriptReference3178,ていこくかげきだんの<BR>しめい　なのですから!!
cGameSceneNPCScriptReference3179,フフフ……そうか<BR>ざんねんだが　それならば<BR>しかたがない……
cGameSceneNPCScriptReference317A,おまえたちには<BR>ここで　しんでもらう……
cGameSceneNPCScriptReference317B,!!!
cGameSceneNPCScriptReference317C,グォォォ……
cGameSceneNPCScriptReference317D,す……　すごく………………<BR>じゃあくで　つよい…………<BR>れいりょくですわ……………
cGameSceneNPCScriptReference317E,フフ……おまえたち……<BR>わが　しもべに<BR>かなうかな……
cGameSceneNPCScriptReference317F,この　わたくしに　たおせぬ<BR>まものなど　このよに<BR>そんざいしませんわ!<BR>ねっ!　<NAME>さん!!
cGameSceneNPCScriptReference3180,はい!
cGameSceneNPCScriptReference3182,はい!　そのとおりです!<BR>すみれさん!!<BR>わたしたちの　チカラを<BR>みせてやりましょう!!
cGameSceneNPCScriptReference3183,もちろんですわ!<BR>わたくしのチカラを<BR>ぞんぶんに　みせつけて<BR>さしあげますわ!!
cGameSceneNPCScriptReference3184,いきますわよ!!
cGameSceneNPCScriptReference3186,……………………………………
cGameSceneNPCScriptReference3187,<NAME>さん<BR>いまさら　きんちょうなんて<BR>だらしない　ですわよ。
cGameSceneNPCScriptReference3188,この　かんざき　すみれが<BR>いっしょに　いるのですよ。<BR>もっと　リラックスなさい。
cGameSceneNPCScriptReference3189,さあ　いきますわよ!
cGameSceneNPCScriptReference318A,グオァアァアァァァ〜〜!!
cGameSceneNPCScriptReference318B,やりましたね!<BR>すみれさん!!
cGameSceneNPCScriptReference318C,ええ　やりましたわね!<BR><NAME>さん!!
cGameSceneNPCScriptReference318D,まかいおう　とやら。<BR>おまえの　てしたも<BR>たいしたこと<BR>ありませんわね。
cGameSceneNPCScriptReference318E,フ……フハハハハハ!!
cGameSceneNPCScriptReference318F,な……<BR>なにが　おかしいのです!!
cGameSceneNPCScriptReference3190,フハハハ……　なかなか<BR>やるではないか……
cGameSceneNPCScriptReference3191,おまえたちを　たおし<BR>まものにかえて<BR>われの　あたらしい<BR>しもべと　してやろう。
cGameSceneNPCScriptReference3192,な　なんですって?!
cGameSceneNPCScriptReference3193,そんなことは　させないわ!
cGameSceneNPCScriptReference3195,そんなことは　させないわ!<BR>やられるのは　おまえよ!!<BR>まかいおう!!!
cGameSceneNPCScriptReference3196,そのとおりですわ!<BR>おまえを　たおして<BR>にどと　よみがえらないよう<BR>ふういん　いたします!!
cGameSceneNPCScriptReference3198,……………………………………
cGameSceneNPCScriptReference3199,そんなこと　させませんわ!<BR>やられるのは　おまえです!<BR>まかいおう!!!
cGameSceneNPCScriptReference319A,おまえを　たおして<BR>にどと　よみがえらないよう<BR>ふういん　いたしますわ!!
cGameSceneNPCScriptReference319B,フフフ……<BR>できるかな?……
cGameSceneNPCScriptReference319C,いきますわよ!<BR><NAME>さん!!
cGameSceneNPCScriptReference319D,うおおおおおおおおおおおおお<BR>おおおおおおおおおおおおおお<BR>おおおおおおおおおおおおおお<BR>おおおおおーーーーーーーっ!
cGameSceneNPCScriptReference319E,おぼえておれ……<BR>われは　なんどでも<BR>よみがえってくる……<BR>ぐぅっ……!!!
cGameSceneNPCScriptReference319F,はあ……はあ……や……<BR>やりましたね　すみれさん。
cGameSceneNPCScriptReference31A0,<NAME>さん!<BR>『まじんき』を　はやく<BR>だいざに!
cGameSceneNPCScriptReference31A1,あの　トビラを　えいえんに<BR>とじるのです!!
cGameSceneNPCScriptReference31A2,まずは　『まじんき・かがみ』<BR>を……
cGameSceneNPCScriptReference31A3,よし!<BR>つぎは……と
cGameSceneNPCScriptReference31A4,ここは　『まじんき・たま』<BR>ね……
cGameSceneNPCScriptReference31A5,よし!<BR>さいごは……
cGameSceneNPCScriptReference31A6,『まじんき・けん』よ!
cGameSceneNPCScriptReference31A7,よし!<BR>ぜんぶ　おいたわ。
cGameSceneNPCScriptReference31A8,……!!<BR><NAME>さん!<BR>ごらんになって!!
cGameSceneNPCScriptReference31A9,すみれさん……
cGameSceneNPCScriptReference31AA,<NAME>さん<BR>ついに　やりましたわね。
cGameSceneNPCScriptReference31AB,はい!<BR>…………でも
cGameSceneNPCScriptReference31AC,『まじんき』を<BR>かいしゅうするだけの<BR>にんむ　だったのに<BR>こんなことに　なるなんて……
cGameSceneNPCScriptReference31AD,そうですわね……<BR>まさか　ちじょうの　しはいを<BR>たくらむものが　いたなんて…<BR>…………
cGameSceneNPCScriptReference31AE,それにしても<BR><NAME>さんは<BR>ほんとうに　よく<BR>がんばりましたわよ。
cGameSceneNPCScriptReference31AF,ほめて　さしあげますわ。
cGameSceneNPCScriptReference31B0,さあ　『まじんき』を<BR>もって　ていげきに<BR>かえりますわよ!
cGameSceneNPCScriptReference31B1,にんむかんりょう!<BR><NAME>さん!<BR>ていげきへ　かえりますわよ!
cGameSceneNPCScriptReference31B2,ア……アイリス!<BR>あ……あれは　まさか……
cGameSceneNPCScriptReference31B3,あれが　『まかいのトビラ』<BR>じゃ　ないのか?
cGameSceneNPCScriptReference31B4,うん。<BR>きっと　そうだよ。
cGameSceneNPCScriptReference31B5,!!
cGameSceneNPCScriptReference31B6,あっ!<BR>もうちょっとで<BR>トビラが　ぜんぶ<BR>ひらいちゃう!!
cGameSceneNPCScriptReference31B7,はやく　トビラを　<BR>しめないと!!
cGameSceneNPCScriptReference31B8,……アイリス<BR>ここにある　だいざみたいな<BR>ものは　もしかして……
cGameSceneNPCScriptReference31B9,……これは<BR>『まじんき・けん』を<BR>おく　だいみたいだね。
cGameSceneNPCScriptReference31BA,じゃあ<BR>あっちは　どうかな?
cGameSceneNPCScriptReference31BB,ここには<BR>『まじんき・たま』を<BR>おくみたいだよ。
cGameSceneNPCScriptReference31BC,<NAME>　むこうの<BR>だいざを　みて。
cGameSceneNPCScriptReference31BD,こっちは……<BR>『まじんき・かがみ』を<BR>おく　だいざの　ようだね。
cGameSceneNPCScriptReference31BE,『まじんき』を　このだいざの<BR>うえにおくと　なにか<BR>おこるのかな……
cGameSceneNPCScriptReference31BF,………………………わかった!<BR>『まじんき』が<BR>『まかいのトビラ』の<BR>カギに　なってるんだよ!
cGameSceneNPCScriptReference31C0,それなら　はやく<BR>『まじんき』を　つかって<BR>あの　トビラを　とじないと!
cGameSceneNPCScriptReference31C1,うん!<BR>はやく『まじんき』を<BR>おこう!
cGameSceneNPCScriptReference31C2,あっ!
cGameSceneNPCScriptReference31C3,トビラが　かんぜんに<BR>ひらいちゃった!!
cGameSceneNPCScriptReference31C4,<NAME>!　きをつけて!<BR>わるい　れいりょくを<BR>かんじるよ!!
cGameSceneNPCScriptReference31C5,われの　めざめを<BR>じゃまするものは<BR>だれだ……
cGameSceneNPCScriptReference31C6,ボクは<BR>ていこくかげきだん・はなぐみ<BR><NAME>だ!
cGameSceneNPCScriptReference31C7,おまえは　なにものだ!
cGameSceneNPCScriptReference31C8,われは　まかいおう……<BR>ちのそこにて　ながくねむりし<BR>まもののおう。
cGameSceneNPCScriptReference31C9,きょだいな　ちからにより<BR>トビラが　ひらかれし<BR>いま……
cGameSceneNPCScriptReference31CA,われら　まものが<BR>ちじょうを　しはいする……
cGameSceneNPCScriptReference31CB,おまえも　まものとなり<BR>われと　ともに　ちじょうを<BR>はかいしつくさぬか?
cGameSceneNPCScriptReference31CC,おもしろそうだ
cGameSceneNPCScriptReference31CE,バカなことをいうな!
cGameSceneNPCScriptReference31D0,おもしろそうだな!
cGameSceneNPCScriptReference31D1,<NAME>!<BR>ほんきなの?!
cGameSceneNPCScriptReference31D2,よし!　<BR>ボクも　まものになって<BR>せかいを　しはいしてやる!
cGameSceneNPCScriptReference31D3,フフフフフフ……<BR>ならば　われのもとへ……
cGameSceneNPCScriptReference31D4,せかいは　まかいおうと<BR><NAME>によって<BR>ほろぼされた。
cGameSceneNPCScriptReference31D5,　　　ゲームオーバー
cGameSceneNPCScriptReference31D6,バカなことをいうな!
cGameSceneNPCScriptReference31D7,ちじょうを　はかいだなんて<BR>そんなこと　させるものか!!
cGameSceneNPCScriptReference31D8,そうだよ!<BR>ていとの　へいわを<BR>まもるのが　アイリスたち
cGameSceneNPCScriptReference31D9,ていこくかげきだんの<BR>しめい　なんだから!!
cGameSceneNPCScriptReference31DA,フフフ……そうか<BR>ざんねんだが　それならば<BR>しかたがない……
cGameSceneNPCScriptReference31DB,おまえたちには<BR>ここで　しんでもらう……
cGameSceneNPCScriptReference31DC,!!!
cGameSceneNPCScriptReference31DD,グォォォ……
cGameSceneNPCScriptReference31DE,す……　すごく………………<BR>わるくて　つよい……………<BR>れいりょくだよ………………
cGameSceneNPCScriptReference31DF,フフ……おまえたち……<BR>わが　しもべに<BR>かなうかな……
cGameSceneNPCScriptReference31E0,アイリス　まけないもん!<BR>ねっ!　<NAME>!!
cGameSceneNPCScriptReference31E1,そのとおりだ!
cGameSceneNPCScriptReference31E3,そのとおりだよ<BR>アイリス!!<BR>ボクたちの　チカラを<BR>みせてやろう!
cGameSceneNPCScriptReference31E4,うん　<NAME>!!
cGameSceneNPCScriptReference31E5,じゃあ　いっくよ〜!!
cGameSceneNPCScriptReference31E7,……………………………………
cGameSceneNPCScriptReference31E8,どうしたの?　<NAME>。<BR>きんちょうしてるの?
cGameSceneNPCScriptReference31E9,だいじょうぶだよ。<BR>いまの　<NAME>なら<BR>あんなやつ　イチコロだよ。
cGameSceneNPCScriptReference31EA,じゃあ　いっくよ〜!!
cGameSceneNPCScriptReference31EB,グオァアァアァァァ〜〜!!
cGameSceneNPCScriptReference31EC,やったぞ!　アイリス!!
cGameSceneNPCScriptReference31ED,うん!　やったね<BR><NAME>!!
cGameSceneNPCScriptReference31EE,まかいおう!<BR>おまえの　てしたも<BR>たいしたことないね。
cGameSceneNPCScriptReference31EF,フ……フハハハハハ!!
cGameSceneNPCScriptReference31F0,なにが　おかしいのっ!!
cGameSceneNPCScriptReference31F1,フハハハ……　なかなか<BR>やるではないか……
cGameSceneNPCScriptReference31F2,おまえたちを　たおし<BR>まものにかえて<BR>われの　あたらしい<BR>しもべと　してやろう。
cGameSceneNPCScriptReference31F3,エエッ?!
cGameSceneNPCScriptReference31F4,そんなことは　させない!
cGameSceneNPCScriptReference31F6,そんなことは　させない!<BR>やられるのは　おまえだ!!<BR>まかいおう!!!
cGameSceneNPCScriptReference31F7,そうだよ!<BR>おまえを　たおして<BR>ちゃんと　ふういん<BR>しちゃうんだから!
cGameSceneNPCScriptReference31F9,……………………………………
cGameSceneNPCScriptReference31FA,そんなことは<BR>させないんだから!
cGameSceneNPCScriptReference31FB,おまえを　たおして<BR>ちゃんと　ふういん<BR>しちゃうんだから!
cGameSceneNPCScriptReference31FC,フフフ……<BR>できるかな?……
cGameSceneNPCScriptReference31FD,いっくよ〜!　<NAME>!!
cGameSceneNPCScriptReference31FE,うおおおおおおおおおおおおお<BR>おおおおおおおおおおおおおお<BR>おおおおおおおおおおおおおお<BR>おおおおおーーーーーーーっ!
cGameSceneNPCScriptReference31FF,おぼえておれ……<BR>われは　なんどでも<BR>よみがえってくる……<BR>ぐぅっ……!!!
cGameSceneNPCScriptReference3200,はあ……はあ……や……<BR>やったね　アイリス。
cGameSceneNPCScriptReference3201,<NAME>!<BR>はやく　『まじんき』を<BR>だいのうえに　おいて!
cGameSceneNPCScriptReference3202,あの　トビラを<BR>とじちゃおう!!
cGameSceneNPCScriptReference3203,まずは　『まじんき・かがみ』<BR>を……
cGameSceneNPCScriptReference3204,よし!<BR>つぎは……と
cGameSceneNPCScriptReference3205,ここは　『まじんき・たま』<BR>だな……
cGameSceneNPCScriptReference3206,よし!<BR>さいごは……
cGameSceneNPCScriptReference3207,『まじんき・けん』だ!
cGameSceneNPCScriptReference3208,よし!<BR>ぜんぶ　おいたぞ。
cGameSceneNPCScriptReference3209,……!!<BR><NAME>!　みて!!
cGameSceneNPCScriptReference320A,アイリス……
cGameSceneNPCScriptReference320B,やったね　<NAME>。
cGameSceneNPCScriptReference320C,うん!<BR>…………でも
cGameSceneNPCScriptReference320D,『まじんき』を<BR>かいしゅうするだけの<BR>にんむ　だったのに<BR>こんなことに　なるなんて……
cGameSceneNPCScriptReference320E,そうだね。<BR>でも　たまには<BR>こんなこともあるよ。
cGameSceneNPCScriptReference320F,それにしても<BR><NAME>は<BR>ほんとうに　がんばったね。
cGameSceneNPCScriptReference3210,エライ!　<NAME>!!
cGameSceneNPCScriptReference3211,さあ　『まじんき』を<BR>もって　ていげきに<BR>かえろう!!
cGameSceneNPCScriptReference3212,にんむ　しゅうりょう!<BR>ていげきに　かえろう<BR><NAME>!!
cGameSceneNPCScriptReference3213,ア……アイリス!<BR>あ……あれは　まさか……
cGameSceneNPCScriptReference3214,あれが　『まかいのトビラ』<BR>じゃ　ないかしら?
cGameSceneNPCScriptReference3215,うん。<BR>きっと　そうだよ。
cGameSceneNPCScriptReference3216,!!
cGameSceneNPCScriptReference3217,あっ!<BR>もうちょっとで<BR>トビラが　ぜんぶ<BR>ひらいちゃう!!
cGameSceneNPCScriptReference3218,はやく　トビラを　<BR>しめないと!!
cGameSceneNPCScriptReference3219,……アイリス<BR>ここにある　だいざみたいな<BR>ものは　もしかしたら……
cGameSceneNPCScriptReference321A,……これは<BR>『まじんき・けん』を<BR>おく　だいみたいだね。
cGameSceneNPCScriptReference321B,じゃあ<BR>あっちは　どうかな?
cGameSceneNPCScriptReference321C,ここには<BR>『まじんき・たま』を<BR>おくみたいだよ。
cGameSceneNPCScriptReference321D,<NAME>　むこうの<BR>だいざを　みて。
cGameSceneNPCScriptReference321E,こっちは……<BR>『まじんき・かがみ』を<BR>おく　だいざの　ようね。
cGameSceneNPCScriptReference321F,『まじんき』を　このだいざの<BR>うえにおくと　なにか<BR>おこるのかしら……
cGameSceneNPCScriptReference3220,………………………わかった!<BR>『まじんき』が<BR>『まかいのトビラ』の<BR>カギに　なってるんだよ!
cGameSceneNPCScriptReference3221,それなら　はやく<BR>『まじんき』を　つかって<BR>あの　トビラを　とじないと!
cGameSceneNPCScriptReference3222,うん!<BR>はやく『まじんき』を<BR>おこう!
cGameSceneNPCScriptReference3223,あっ!
cGameSceneNPCScriptReference3224,トビラが　かんぜんに<BR>ひらいちゃった!!
cGameSceneNPCScriptReference3225,<NAME>!　きをつけて!<BR>わるい　れいりょくを<BR>かんじるよ!!
cGameSceneNPCScriptReference3226,われの　めざめを<BR>じゃまするものは<BR>だれだ……
cGameSceneNPCScriptReference3227,わたしは<BR>ていこくかげきだん・はなぐみ<BR><NAME>!!
cGameSceneNPCScriptReference3228,おまえは　なにもの!
cGameSceneNPCScriptReference3229,われは　まかいおう……<BR>ちのそこにて　ながくねむりし<BR>まもののおう。
cGameSceneNPCScriptReference322A,きょだいな　ちからにより<BR>トビラが　ひらかれし<BR>いま……
cGameSceneNPCScriptReference322B,われら　まものが<BR>ちじょうを　しはいする……
cGameSceneNPCScriptReference322C,おまえも　まものとなり<BR>われと　ともに　ちじょうを<BR>はかいしつくさぬか?
cGameSceneNPCScriptReference322D,おもしろそうね
cGameSceneNPCScriptReference322F,おことわりよ!!
cGameSceneNPCScriptReference3231,おもしろそうね!
cGameSceneNPCScriptReference3232,<NAME>!<BR>ほんきなの?!
cGameSceneNPCScriptReference3233,よーし!　<BR>わたしも　まものになって<BR>せかいを　しはい<BR>しちゃおっと!
cGameSceneNPCScriptReference3234,フフフフフフ……<BR>ならば　われのもとへ……
cGameSceneNPCScriptReference3235,せかいは　まかいおうと<BR><NAME>によって<BR>ほろぼされた。
cGameSceneNPCScriptReference3236,　　　ゲームオーバー
cGameSceneNPCScriptReference3237,おことわりよ!!
cGameSceneNPCScriptReference3238,ちじょうを　はかいだなんて<BR>そんなこと<BR>させるもんですか!!
cGameSceneNPCScriptReference3239,そうだよ!<BR>ていとの　へいわを<BR>まもるのが　アイリスたち
cGameSceneNPCScriptReference323A,ていこくかげきだんの<BR>しめい　なんだから!!
cGameSceneNPCScriptReference323B,フフフ……そうか<BR>ざんねんだが　それならば<BR>しかたがない……
cGameSceneNPCScriptReference323C,おまえたちには<BR>ここで　しんでもらう……
cGameSceneNPCScriptReference323D,!!!
cGameSceneNPCScriptReference323E,グォォォ……
cGameSceneNPCScriptReference323F,す……　すごく………………<BR>わるくて　つよい……………<BR>れいりょくだよ………………
cGameSceneNPCScriptReference3240,フフ……おまえたち……<BR>わが　しもべに<BR>かなうかな……
cGameSceneNPCScriptReference3241,アイリス　まけないもん!<BR>ねっ!　<NAME>!!
cGameSceneNPCScriptReference3242,そのとおりよ!
cGameSceneNPCScriptReference3244,そのとおりよ<BR>アイリス!!<BR>わたしたちの　チカラを<BR>みせてやりましょう!
cGameSceneNPCScriptReference3245,うん　<NAME>!!
cGameSceneNPCScriptReference3246,じゃあ　いっくよ〜!!
cGameSceneNPCScriptReference3248,……………………………………
cGameSceneNPCScriptReference3249,どうしたの?　<NAME>。<BR>きんちょうしてるの?
cGameSceneNPCScriptReference324A,だいじょうぶだよ。<BR>いまの　<NAME>なら<BR>あんなやつ　イチコロだよ。
cGameSceneNPCScriptReference324B,じゃあ　いっくよ〜!!
cGameSceneNPCScriptReference324C,グオァアァアァァァ〜〜!!
cGameSceneNPCScriptReference324D,やったわ!　アイリス!!
cGameSceneNPCScriptReference324E,うん!　やったね<BR><NAME>!!
cGameSceneNPCScriptReference324F,まかいおう!<BR>おまえの　てしたも<BR>たいしたことないね。
cGameSceneNPCScriptReference3250,フ……フハハハハハ!!
cGameSceneNPCScriptReference3251,なにが　おかしいのっ!!
cGameSceneNPCScriptReference3252,フハハハ……　なかなか<BR>やるではないか……
cGameSceneNPCScriptReference3253,おまえたちを　たおし<BR>まものにかえて<BR>われの　あたらしい<BR>しもべと　してやろう。
cGameSceneNPCScriptReference3254,エエッ?!
cGameSceneNPCScriptReference3255,そんなことは　させないわ!
cGameSceneNPCScriptReference3257,そんなことは　させないわ!<BR>やられるのは　おまえよ!!<BR>まかいおう!!!
cGameSceneNPCScriptReference3258,そうだよ!<BR>おまえを　たおして<BR>ちゃんと　ふういん<BR>しちゃうんだから!
cGameSceneNPCScriptReference325A,……………………………………
cGameSceneNPCScriptReference325B,そんなことは<BR>させないんだから!
cGameSceneNPCScriptReference325C,おまえを　たおして<BR>ちゃんと　ふういん<BR>しちゃうんだから!
cGameSceneNPCScriptReference325D,フフフ……<BR>できるかな?……
cGameSceneNPCScriptReference325E,いっくよ〜!　<NAME>!!
cGameSceneNPCScriptReference325F,うおおおおおおおおおおおおお<BR>おおおおおおおおおおおおおお<BR>おおおおおおおおおおおおおお<BR>おおおおおーーーーーーーっ!
cGameSceneNPCScriptReference3260,おぼえておれ……<BR>われは　なんどでも<BR>よみがえってくる……<BR>ぐぅっ……!!!
cGameSceneNPCScriptReference3261,はあ……はあ……や……<BR>やったわね　アイリス。
cGameSceneNPCScriptReference3262,<NAME>!<BR>はやく　『まじんき』を<BR>だいのうえに　おいて!
cGameSceneNPCScriptReference3263,あの　トビラを<BR>とじちゃおう!!
cGameSceneNPCScriptReference3264,まずは　『まじんき・かがみ』<BR>を……
cGameSceneNPCScriptReference3265,よし!<BR>つぎは……と
cGameSceneNPCScriptReference3266,ここは　『まじんき・たま』<BR>ね……
cGameSceneNPCScriptReference3267,よし!<BR>さいごは……
cGameSceneNPCScriptReference3268,『まじんき・けん』よ!
cGameSceneNPCScriptReference3269,よし!<BR>ぜんぶ　おいたわ。
cGameSceneNPCScriptReference326A,……!!<BR><NAME>!　みて!!
cGameSceneNPCScriptReference326B,アイリス……
cGameSceneNPCScriptReference326C,やったね　<NAME>。
cGameSceneNPCScriptReference326D,うん!<BR>…………でも
cGameSceneNPCScriptReference326E,『まじんき』を<BR>かいしゅうするだけの<BR>にんむ　だったのに<BR>こんなことに　なるなんて……
cGameSceneNPCScriptReference326F,そうだね。<BR>でも　たまには<BR>こんなこともあるよ。
cGameSceneNPCScriptReference3270,それにしても<BR><NAME>は<BR>ほんとうに　がんばったね。
cGameSceneNPCScriptReference3271,エライ!　<NAME>!!
cGameSceneNPCScriptReference3272,さあ　『まじんき』を<BR>もって　ていげきに<BR>かえろう!!
cGameSceneNPCScriptReference3273,にんむ　しゅうりょう!<BR>ていげきに　かえろう<BR><NAME>!!
cGameSceneNPCScriptReference3274,カ……カンナさん!<BR>あ……あれは　まさか……
cGameSceneNPCScriptReference3275,あれが　『まかいのトビラ』<BR>じゃ　ないですか?
cGameSceneNPCScriptReference3276,ああ……<BR>そうだな……
cGameSceneNPCScriptReference3277,!!
cGameSceneNPCScriptReference3278,まずい!<BR>あとすこしで　かんぜんに<BR>ひらいちまうぜ!!
cGameSceneNPCScriptReference3279,なんとかして　はやく<BR>トビラを　とじねえと!!
cGameSceneNPCScriptReference327A,カンナさん。<BR>ここにある　だいざみたいな<BR>ものは　もしかして……
cGameSceneNPCScriptReference327B,……これは　いかにも<BR>『まじんき・けん』を<BR>おいてくれと　いわんばかりの<BR>だいざだな……
cGameSceneNPCScriptReference327C,あっちは　どうだ?
cGameSceneNPCScriptReference327D,これは　どうやら<BR>『まじんき・たま』を<BR>おくための　だいざ<BR>みたいだな。
cGameSceneNPCScriptReference327E,じゃあ<BR>むこうの　だいざは<BR>どうだ?　<NAME>。
cGameSceneNPCScriptReference327F,こっちは……<BR>『まじんき・かがみ』を<BR>おく　だいざの　ようです。
cGameSceneNPCScriptReference3280,どういうこと<BR>なんでしょう……
cGameSceneNPCScriptReference3281,たぶん…　『まじんき』が<BR>この　『まかいのトビラ』の<BR>カギになってるんじゃ<BR>ないかな……
cGameSceneNPCScriptReference3282,じゃあ　はやく<BR>『まじんき』を　つかって<BR>あの　トビラを　とじないと!
cGameSceneNPCScriptReference3283,そうだな!<BR>いそいで　だいざに<BR>『まじんき』を<BR>おいてみようぜ!
cGameSceneNPCScriptReference3284,うっ!<BR>まずい!!
cGameSceneNPCScriptReference3285,しまった!<BR>トビラが　かんぜんに<BR>ひらいちまった!!
cGameSceneNPCScriptReference3286,きをつけろ　<NAME>!<BR>じゃあくな　れいりょくを<BR>かんじるぜ!!
cGameSceneNPCScriptReference3287,われの　めざめを<BR>じゃまするものは<BR>だれだ……
cGameSceneNPCScriptReference3288,ボクは<BR>ていこくかげきだん・はなぐみ<BR><NAME>だ!
cGameSceneNPCScriptReference3289,おまえは　なにものだ!
cGameSceneNPCScriptReference328A,われは　まかいおう……<BR>ちのそこにて　ながくねむりし<BR>まもののおう。
cGameSceneNPCScriptReference328B,きょだいな　ちからにより<BR>トビラが　ひらかれし<BR>いま……
cGameSceneNPCScriptReference328C,われら　まものが<BR>ちじょうを　しはいする……
cGameSceneNPCScriptReference328D,おまえも　まものとなり<BR>われと　ともに　ちじょうを<BR>はかいしつくさぬか?
cGameSceneNPCScriptReference328E,おもしろそうだ
cGameSceneNPCScriptReference3290,バカなことをいうな!
cGameSceneNPCScriptReference3292,おもしろそうだな!
cGameSceneNPCScriptReference3293,な!　なに　バカなこと<BR>いってんだよ!!<BR><NAME>!!!
cGameSceneNPCScriptReference3294,よし!　<BR>ボクも　まものになって<BR>せかいを　しはいしてやる!
cGameSceneNPCScriptReference3295,フフフフフフ……<BR>ならば　われのもとへ……
cGameSceneNPCScriptReference3296,せかいは　まかいおうと<BR><NAME>によって<BR>ほろぼされた。
cGameSceneNPCScriptReference3297,　　　ゲームオーバー
cGameSceneNPCScriptReference3298,バカなことをいうな!
cGameSceneNPCScriptReference3299,ちじょうを　はかいだなんて<BR>そんなこと　させるものか!!
cGameSceneNPCScriptReference329A,そのとおりだ!<BR>ていとの　へいわを<BR>まもるのが　あたいたち
cGameSceneNPCScriptReference329B,ていこくかげきだんの<BR>しめい　なんだ!!
cGameSceneNPCScriptReference329C,フフフ……そうか<BR>ざんねんだが　それならば<BR>しかたがない……
cGameSceneNPCScriptReference329D,おまえたちには<BR>ここで　しんでもらう……
cGameSceneNPCScriptReference329E,!!!
cGameSceneNPCScriptReference329F,グォォォ……
cGameSceneNPCScriptReference32A0,な……　なんだ………………<BR>ものすごく　じゃあくで……<BR>つよい　れいりょくだぜ……
cGameSceneNPCScriptReference32A1,フフ……おまえたち……<BR>わが　しもべに<BR>かなうかな……
cGameSceneNPCScriptReference32A2,「かなうかな?」だと……<BR>バカにするなよ!<BR>なっ!　<NAME>!!
cGameSceneNPCScriptReference32A3,はい!
cGameSceneNPCScriptReference32A5,はい!　どんなに　つよい<BR>てきでも　ボクたち<BR>ていこくかげきだんは<BR>ぜったいに　まけません!!
cGameSceneNPCScriptReference32A6,よくいった!!<BR>そのとおりだぜ!<BR><NAME>!!
cGameSceneNPCScriptReference32A7,かくごしやがれ!!
cGameSceneNPCScriptReference32A9,……………………………………
cGameSceneNPCScriptReference32AA,おいおい　<NAME>。<BR>ビビッてんのか?
cGameSceneNPCScriptReference32AB,だいじょうぶだぜ。<BR>いまの　おまえなら<BR>あんな　まもの<BR>らくしょうで　たおせるって。
cGameSceneNPCScriptReference32AC,いくぜ!　<NAME>!!
cGameSceneNPCScriptReference32AD,グオァアァアァァァ〜〜!!
cGameSceneNPCScriptReference32AE,やりましたね!<BR>カンナさん!!
cGameSceneNPCScriptReference32AF,ああ　やったな!<BR><NAME>!!
cGameSceneNPCScriptReference32B0,やい　まかいおう!<BR>おまえの　てしたも<BR>たいしたことねーな。
cGameSceneNPCScriptReference32B1,フ……フハハハハハ!!
cGameSceneNPCScriptReference32B2,な……<BR>なにが　おかしい!!
cGameSceneNPCScriptReference32B3,フハハハ……　なかなか<BR>やるではないか……
cGameSceneNPCScriptReference32B4,おまえたちを　たおし<BR>まものにかえて<BR>われの　あたらしい<BR>しもべと　してやろう。
cGameSceneNPCScriptReference32B5,な　なんだと?!
cGameSceneNPCScriptReference32B6,そんなことは　させない!
cGameSceneNPCScriptReference32B8,そんなことは　させない!<BR>やられるのは　おまえだ!!<BR>まかいおう!!!
cGameSceneNPCScriptReference32B9,そのとおりだ!<BR>おまえを　たおして<BR>にどと　よみがえらないよう<BR>ふういんしてやる!!
cGameSceneNPCScriptReference32BB,……………………………………
cGameSceneNPCScriptReference32BC,そんなことは　させない!<BR>やられるのは　おまえだ!!<BR>まかいおう!!!
cGameSceneNPCScriptReference32BD,おまえを　たおし<BR>にどと　よみがえらないよう<BR>ふういんしてやる!!
cGameSceneNPCScriptReference32BE,フフフ……<BR>できるかな?……
cGameSceneNPCScriptReference32BF,いくぜ!<BR><NAME>!!
cGameSceneNPCScriptReference32C0,うおおおおおおおおおおおおお<BR>おおおおおおおおおおおおおお<BR>おおおおおおおおおおおおおお<BR>おおおおおーーーーーーーっ!
cGameSceneNPCScriptReference32C1,おぼえておれ……<BR>われは　なんどでも<BR>よみがえってくる……<BR>ぐぅっ……!!!
cGameSceneNPCScriptReference32C2,はあ……はあ……や……<BR>やりましたね　カンナさん。
cGameSceneNPCScriptReference32C3,<NAME>!<BR>はやく　『まじんき』を<BR>だいざに　おいていくんだ!
cGameSceneNPCScriptReference32C4,あの　トビラを<BR>にどと　ひらかないように<BR>とじてしまえ!
cGameSceneNPCScriptReference32C5,まずは　『まじんき・かがみ』<BR>を……
cGameSceneNPCScriptReference32C6,よし!<BR>つぎは……と
cGameSceneNPCScriptReference32C7,ここは　『まじんき・たま』<BR>だな……
cGameSceneNPCScriptReference32C8,よし!<BR>さいごは……
cGameSceneNPCScriptReference32C9,『まじんき・けん』だ!
cGameSceneNPCScriptReference32CA,よし!<BR>ぜんぶ　おいたぞ。
cGameSceneNPCScriptReference32CB,……!!<BR>みろ!　<NAME>!!
cGameSceneNPCScriptReference32CC,カンナさん……
cGameSceneNPCScriptReference32CD,ついに　やったな<BR><NAME>。
cGameSceneNPCScriptReference32CE,はい!<BR>…………でも
cGameSceneNPCScriptReference32CF,『まじんき』を<BR>かいしゅうするだけの<BR>にんむ　だったのに<BR>こんなことに　なるなんて……
cGameSceneNPCScriptReference32D0,そうだな……<BR>まさか　ちじょうの　しはいを<BR>たくらむやつが　ミカサの<BR>ちかに　いたなんてな……
cGameSceneNPCScriptReference32D1,それにしても<BR><NAME>は<BR>ほんとうに　よく<BR>がんばったな。
cGameSceneNPCScriptReference32D2,こころから　れいを<BR>いわせてもらうぜ。<BR>サンキュー。
cGameSceneNPCScriptReference32D3,さあ　『まじんき』を<BR>もって　ていげきに<BR>かえろうぜ!!
cGameSceneNPCScriptReference32D4,にんむかんりょう!<BR>ていげきに　きかんだ!<BR><NAME>!!
cGameSceneNPCScriptReference32D5,カ……カンナさん!<BR>あ……あれは　まさか……
cGameSceneNPCScriptReference32D6,あれが　『まかいのトビラ』<BR>じゃ　ないですか?
cGameSceneNPCScriptReference32D7,ああ……<BR>そうだな……
cGameSceneNPCScriptReference32D8,!!
cGameSceneNPCScriptReference32D9,まずい!<BR>あとすこしで　かんぜんに<BR>ひらいちまうぜ!!
cGameSceneNPCScriptReference32DA,なんとかして　はやく<BR>トビラを　とじねえと!!
cGameSceneNPCScriptReference32DB,カンナさん。<BR>ここにある　だいざみたいな<BR>ものは　もしかして……
cGameSceneNPCScriptReference32DC,……これは　いかにも<BR>『まじんき・けん』を<BR>おいてくれと　いわんばかりの<BR>だいざだな……
cGameSceneNPCScriptReference32DD,あっちは　どうだ?
cGameSceneNPCScriptReference32DE,これは　どうやら<BR>『まじんき・たま』を<BR>おくための　だいざ<BR>みたいだな。
cGameSceneNPCScriptReference32DF,じゃあ<BR>むこうの　だいざは<BR>どうだ?　<NAME>。
cGameSceneNPCScriptReference32E0,こっちは……<BR>『まじんき・かがみ』を<BR>おく　だいざの　ようです。
cGameSceneNPCScriptReference32E1,どういうこと<BR>なんでしょう……
cGameSceneNPCScriptReference32E2,たぶん…　『まじんき』が<BR>この　『まかいのトビラ』の<BR>カギになってるんじゃ<BR>ないかな……
cGameSceneNPCScriptReference32E3,では　いっこくもはやく<BR>『まじんき』を　つかって<BR>あの　トビラを　とじないと<BR>いけませんね!
cGameSceneNPCScriptReference32E4,そうだな!<BR>いそいで　だいざに<BR>『まじんき』を<BR>おいてみようぜ!
cGameSceneNPCScriptReference32E5,うっ!<BR>まずい!!
cGameSceneNPCScriptReference32E6,しまった!<BR>トビラが　かんぜんに<BR>ひらいちまった!!
cGameSceneNPCScriptReference32E7,きをつけろ　<NAME>!<BR>じゃあくな　れいりょくを<BR>かんじるぜ!!
cGameSceneNPCScriptReference32E8,われの　めざめを<BR>じゃまするものは<BR>だれだ……
cGameSceneNPCScriptReference32E9,わたしは<BR>ていこくかげきだん・はなぐみ<BR><NAME>!!
cGameSceneNPCScriptReference32EA,おまえは　なにもの!
cGameSceneNPCScriptReference32EB,われは　まかいおう……<BR>ちのそこにて　ながくねむりし<BR>まもののおう。
cGameSceneNPCScriptReference32EC,きょだいな　ちからにより<BR>トビラが　ひらかれし<BR>いま……
cGameSceneNPCScriptReference32ED,われら　まものが<BR>ちじょうを　しはいする……
cGameSceneNPCScriptReference32EE,おまえも　まものとなり<BR>われと　ともに　ちじょうを<BR>はかいしつくさぬか?
cGameSceneNPCScriptReference32EF,おもしろそうね
cGameSceneNPCScriptReference32F1,おことわりよ!!
cGameSceneNPCScriptReference32F3,おもしろそうね!
cGameSceneNPCScriptReference32F4,な!　なに　バカなこと<BR>いってんだよ!!<BR><NAME>!!!
cGameSceneNPCScriptReference32F5,よーし!　<BR>わたしも　まものになって<BR>せかいを　しはい<BR>しちゃおっと!
cGameSceneNPCScriptReference32F6,フフフフフフ……<BR>ならば　われのもとへ……
cGameSceneNPCScriptReference32F7,せかいは　まかいおうと<BR><NAME>によって<BR>ほろぼされた。
cGameSceneNPCScriptReference32F8,　　　ゲームオーバー
cGameSceneNPCScriptReference32F9,おことわりよ!!
cGameSceneNPCScriptReference32FA,ちじょうを　はかいだなんて<BR>そんなこと<BR>させるもんですか!!
cGameSceneNPCScriptReference32FB,そのとおりだ!<BR>ていとの　へいわを<BR>まもるのが　あたいたち
cGameSceneNPCScriptReference32FC,ていこくかげきだんの<BR>しめい　なんだ!!
cGameSceneNPCScriptReference32FD,フフフ……そうか<BR>ざんねんだが　それならば<BR>しかたがない……
cGameSceneNPCScriptReference32FE,おまえたちには<BR>ここで　しんでもらう……
cGameSceneNPCScriptReference32FF,!!!
cGameSceneNPCScriptReference3300,グォォォ……
cGameSceneNPCScriptReference3301,な……　なんだ………………<BR>ものすごく　じゃあくで……<BR>つよい　れいりょくだぜ……
cGameSceneNPCScriptReference3302,フフ……おまえたち……<BR>わが　しもべに<BR>かなうかな……
cGameSceneNPCScriptReference3303,「かなうかな?」だと……<BR>バカにするなよ!<BR>なっ!　<NAME>!!
cGameSceneNPCScriptReference3304,はい!
cGameSceneNPCScriptReference3306,はい!　どんなに　つよい<BR>てきでも　わたしたち<BR>ていこくかげきだんは<BR>ぜったいに　まけません!!
cGameSceneNPCScriptReference3307,よくいった!!<BR>そのとおりだぜ!<BR><NAME>!!
cGameSceneNPCScriptReference3308,かくごしやがれ!!
cGameSceneNPCScriptReference330A,……………………………………
cGameSceneNPCScriptReference330B,おいおい　<NAME>。<BR>ビビッてんのか?
cGameSceneNPCScriptReference330C,だいじょうぶだぜ。<BR>いまの　おまえなら<BR>あんな　まもの<BR>らくしょうで　たおせるって。
cGameSceneNPCScriptReference330D,いくぜ!　<NAME>!!
cGameSceneNPCScriptReference330E,グオァアァアァァァ〜〜!!
cGameSceneNPCScriptReference330F,やりましたね!<BR>カンナさん!!
cGameSceneNPCScriptReference3310,ああ　やったな!<BR><NAME>!!
cGameSceneNPCScriptReference3311,やい　まかいおう!<BR>おまえの　てしたも<BR>たいしたことねーな。
cGameSceneNPCScriptReference3312,フ……フハハハハハ!!
cGameSceneNPCScriptReference3313,な……<BR>なにが　おかしい!!
cGameSceneNPCScriptReference3314,フハハハ……　なかなか<BR>やるではないか……
cGameSceneNPCScriptReference3315,おまえたちを　たおし<BR>まものにかえて<BR>われの　あたらしい<BR>しもべと　してやろう。
cGameSceneNPCScriptReference3316,な　なんだと?!
cGameSceneNPCScriptReference3317,そんなことは　させないわ!
cGameSceneNPCScriptReference3319,そんなことは　させないわ!<BR>やられるのは　おまえよ!!<BR>まかいおう!!!
cGameSceneNPCScriptReference331A,そのとおりだ!<BR>おまえを　たおして<BR>にどと　よみがえらないよう<BR>ふういんしてやる!!
cGameSceneNPCScriptReference331C,……………………………………
cGameSceneNPCScriptReference331D,そんなことは　させない!<BR>やられるのは　おまえだ!!<BR>まかいおう!!!
cGameSceneNPCScriptReference331E,おまえを　たおし<BR>にどと　よみがえらないよう<BR>ふういんしてやる!!
cGameSceneNPCScriptReference331F,フフフ……<BR>できるかな?……
cGameSceneNPCScriptReference3320,いくぜ!<BR><NAME>!!
cGameSceneNPCScriptReference3321,うおおおおおおおおおおおおお<BR>おおおおおおおおおおおおおお<BR>おおおおおおおおおおおおおお<BR>おおおおおーーーーーーーっ!
cGameSceneNPCScriptReference3322,おぼえておれ……<BR>われは　なんどでも<BR>よみがえってくる……<BR>ぐぅっ……!!!
cGameSceneNPCScriptReference3323,はあ……はあ……や……<BR>やりましたね　カンナさん。
cGameSceneNPCScriptReference3324,<NAME>!<BR>はやく　『まじんき』を<BR>だいざに　おいていくんだ!
cGameSceneNPCScriptReference3325,あの　トビラを<BR>にどと　ひらかないように<BR>とじてしまえ!
cGameSceneNPCScriptReference3326,まずは　『まじんき・かがみ』<BR>を……
cGameSceneNPCScriptReference3327,よし!<BR>つぎは……と
cGameSceneNPCScriptReference3328,ここは　『まじんき・たま』<BR>ね……
cGameSceneNPCScriptReference3329,よし!<BR>さいごは……
cGameSceneNPCScriptReference332A,『まじんき・けん』よ!
cGameSceneNPCScriptReference332B,よし!<BR>ぜんぶ　おいたわ。
cGameSceneNPCScriptReference332C,……!!<BR>みろ!　<NAME>!!
cGameSceneNPCScriptReference332D,カンナさん……
cGameSceneNPCScriptReference332E,ついに　やったな<BR><NAME>。
cGameSceneNPCScriptReference332F,はい!<BR>…………でも
cGameSceneNPCScriptReference3330,『まじんき』を<BR>かいしゅうするだけの<BR>にんむ　だったのに<BR>こんなことに　なるなんて……
cGameSceneNPCScriptReference3331,そうだな……<BR>まさか　ちじょうの　しはいを<BR>たくらむやつが　ミカサの<BR>ちかに　いたなんてな……
cGameSceneNPCScriptReference3332,それにしても<BR><NAME>は<BR>ほんとうに　よく<BR>がんばったな。
cGameSceneNPCScriptReference3333,こころから　れいを<BR>いわせてもらうぜ。<BR>サンキュー。
cGameSceneNPCScriptReference3334,さあ　『まじんき』を<BR>もって　ていげきに<BR>かえろうぜ!!
cGameSceneNPCScriptReference3335,にんむかんりょう!<BR>ていげきに　きかんだ!<BR><NAME>!!
cGameSceneNPCScriptReference3336,マ……マリアさん!<BR>あ……あれは　まさか……
cGameSceneNPCScriptReference3337,あれが　『まかいのトビラ』<BR>じゃ　ないですか?
cGameSceneNPCScriptReference3338,きっと　そうね……
cGameSceneNPCScriptReference3339,!!
cGameSceneNPCScriptReference333A,まずいわ!<BR>あとすこしで　かんぜんに<BR>ひらいてしまいそうよ!!
cGameSceneNPCScriptReference333B,なんとかして　はやく<BR>トビラを　とじないと!!
cGameSceneNPCScriptReference333C,マリアさん!<BR>ここにある　だいざみたいな<BR>ものは　もしかして……
cGameSceneNPCScriptReference333D,たしかに<BR>『まじんき・けん』を<BR>おいてくれと　いわんばかりの<BR>だいざが　あるわね……
cGameSceneNPCScriptReference333E,あっちにあるのは<BR>どうかしら?
cGameSceneNPCScriptReference333F,これは　どうやら<BR>『まじんき・たま』を<BR>おくための　だいざの<BR>ようね……
cGameSceneNPCScriptReference3340,<NAME>くん。<BR>むこうの　だいざを<BR>みてくれないかしら?
cGameSceneNPCScriptReference3341,こっちは……<BR>『まじんき・かがみ』を<BR>おく　だいざの　ようです。
cGameSceneNPCScriptReference3342,どういうこと<BR>なんでしょう……
cGameSceneNPCScriptReference3343,おそらく……　『まじんき』が<BR>『まかいのトビラ』の<BR>カギになってるんじゃ<BR>ないかしら?
cGameSceneNPCScriptReference3344,じゃあ　はやく<BR>『まじんき』を　つかって<BR>あの　トビラを　とじないと!
cGameSceneNPCScriptReference3345,そうね。<BR>だいざに　『まじんき』を<BR>おいていきましょう!
cGameSceneNPCScriptReference3346,あっ!<BR>ダメだわ!!
cGameSceneNPCScriptReference3347,しまった!<BR>トビラが　かんぜんに<BR>ひらいてしまった!!
cGameSceneNPCScriptReference3348,<NAME>くん!　<BR>きをつけて!!<BR>じゃあくな　れいりょくを<BR>かんじるわ!!!
cGameSceneNPCScriptReference3349,われの　めざめを<BR>じゃまするものは<BR>だれだ……
cGameSceneNPCScriptReference334A,ボクは<BR>ていこくかげきだん・はなぐみ<BR><NAME>だ!
cGameSceneNPCScriptReference334B,おまえは　なにものだ!
cGameSceneNPCScriptReference334C,われは　まかいおう……<BR>ちのそこにて　ながくねむりし<BR>まもののおう。
cGameSceneNPCScriptReference334D,きょだいな　ちからにより<BR>トビラが　ひらかれし<BR>いま……
cGameSceneNPCScriptReference334E,われら　まものが<BR>ちじょうを　しはいする……
cGameSceneNPCScriptReference334F,おまえも　まものとなり<BR>われと　ともに　ちじょうを<BR>はかいしつくさぬか?
cGameSceneNPCScriptReference3350,おもしろそうだ
cGameSceneNPCScriptReference3352,バカなことをいうな!
cGameSceneNPCScriptReference3354,おもしろそうだな!
cGameSceneNPCScriptReference3355,<NAME>くん!<BR>なにを　いってるの!!
cGameSceneNPCScriptReference3356,よし!　<BR>ボクも　まものになって<BR>せかいを　しはいしてやる!
cGameSceneNPCScriptReference3357,フフフフフフ……<BR>ならば　われのもとへ……
cGameSceneNPCScriptReference3358,せかいは　まかいおうと<BR><NAME>によって<BR>ほろぼされた。
cGameSceneNPCScriptReference3359,　　　ゲームオーバー
cGameSceneNPCScriptReference335A,バカなことをいうな!
cGameSceneNPCScriptReference335B,ちじょうを　はかいだなんて<BR>そんなこと　させるものか!!
cGameSceneNPCScriptReference335C,そのとおりよ。<BR>ていとの　へいわを<BR>まもるのが　わたしたち
cGameSceneNPCScriptReference335D,ていこくかげきだんの<BR>しめい　なのよ!!
cGameSceneNPCScriptReference335E,フフフ……そうか<BR>ざんねんだが　それならば<BR>しかたがない……
cGameSceneNPCScriptReference335F,おまえたちには<BR>ここで　しんでもらう……
cGameSceneNPCScriptReference3360,!!!
cGameSceneNPCScriptReference3361,グォォォ……
cGameSceneNPCScriptReference3362,な……　なんて　つよい……<BR>じゃあくな……………………<BR>れいりょくなの………………
cGameSceneNPCScriptReference3363,フフ……おまえたち……<BR>わが　しもべに<BR>かなうかな……
cGameSceneNPCScriptReference3364,たしかに　いままでの<BR>てきとは　ちがうわね……<BR>でも　<NAME>くんなら<BR>かてるわよね!
cGameSceneNPCScriptReference3365,はい
cGameSceneNPCScriptReference3367,はい!　だいじょうぶです!!<BR>ボクに　まかせてください<BR>マリアさん!!
cGameSceneNPCScriptReference3368,フフフ……<BR>いいへんじよ<BR><NAME>くん。
cGameSceneNPCScriptReference3369,いくわよ!!
cGameSceneNPCScriptReference336B,……………………………………
cGameSceneNPCScriptReference336C,そんなに　きんちょうしてたら<BR>かてるたたかいも<BR>かてなくなるわ。
cGameSceneNPCScriptReference336D,<NAME>くんなら<BR>だいじょうぶよ。<BR>リラックスしなさい。
cGameSceneNPCScriptReference336E,さあ　いくわよ!!
cGameSceneNPCScriptReference336F,グオァアァアァァァ〜〜!!
cGameSceneNPCScriptReference3370,やりましたね!<BR>マリアさん!!
cGameSceneNPCScriptReference3371,ええ　やったわね<BR><NAME>くん!!
cGameSceneNPCScriptReference3372,まかいおう!<BR>おまえの　てしたも<BR>たいしたことは<BR>ないわね!
cGameSceneNPCScriptReference3373,フ……フハハハハハ!!
cGameSceneNPCScriptReference3374,な……<BR>なにが　おかしいの!!
cGameSceneNPCScriptReference3375,フハハハ……　なかなか<BR>やるではないか……
cGameSceneNPCScriptReference3376,おまえたちを　たおし<BR>まものにかえて<BR>われの　あたらしい<BR>しもべと　してやろう。
cGameSceneNPCScriptReference3377,な　なんですって?!
cGameSceneNPCScriptReference3378,そんなことは　させない!
cGameSceneNPCScriptReference337A,そんなことは　させない!<BR>やられるのは　おまえだ!!<BR>まかいおう!!!
cGameSceneNPCScriptReference337B,そのとおりよ!<BR>おまえを　たおして<BR>にどと　よみがえらないよう<BR>ふういんして　あげるわ!
cGameSceneNPCScriptReference337D,……………………………………
cGameSceneNPCScriptReference337E,そんなことは　させないわ!<BR>やられるのは　おまえよ!!<BR>まかいおう!!!
cGameSceneNPCScriptReference337F,おまえを　たおし<BR>にどと　よみがえらないよう<BR>ふういんして　あげるわ!
cGameSceneNPCScriptReference3380,フフフ……<BR>できるかな?……
cGameSceneNPCScriptReference3381,いくわよ!<BR><NAME>くん!!
cGameSceneNPCScriptReference3382,うおおおおおおおおおおおおお<BR>おおおおおおおおおおおおおお<BR>おおおおおおおおおおおおおお<BR>おおおおおーーーーーーーっ!
cGameSceneNPCScriptReference3383,おぼえておれ……<BR>われは　なんどでも<BR>よみがえってくる……<BR>ぐぅっ……!!!
cGameSceneNPCScriptReference3384,はあ……はあ……や……<BR>やりましたね　マリアさん。
cGameSceneNPCScriptReference3385,<NAME>くん!<BR>『まじんき』を　はやく<BR>だいざに!!
cGameSceneNPCScriptReference3386,あの　トビラを　えいえんに<BR>とじるのよ!!
cGameSceneNPCScriptReference3387,まずは　『まじんき・かがみ』<BR>を……
cGameSceneNPCScriptReference3388,よし!<BR>つぎは……と
cGameSceneNPCScriptReference3389,ここは　『まじんき・たま』<BR>だな……
cGameSceneNPCScriptReference338A,よし!<BR>さいごは……
cGameSceneNPCScriptReference338B,『まじんき・けん』だ!
cGameSceneNPCScriptReference338C,よし!<BR>ぜんぶ　おいたぞ。
cGameSceneNPCScriptReference338D,……!!<BR><NAME>くん　みて!!
cGameSceneNPCScriptReference338E,マリアさん……
cGameSceneNPCScriptReference338F,<NAME>くん<BR>ついに　やったわね。
cGameSceneNPCScriptReference3390,はい!<BR>…………でも
cGameSceneNPCScriptReference3391,『まじんき』を<BR>かいしゅうするだけの<BR>にんむ　だったのに<BR>こんなことに　なるなんて……
cGameSceneNPCScriptReference3392,そうね……<BR>まさか　ちじょうの　しはいを<BR>たくらむ　まものが　こんな　<BR>ところに　いるなんてね……
cGameSceneNPCScriptReference3393,それにしても<BR><NAME>くんは<BR>よく　がんばったわね。
cGameSceneNPCScriptReference3394,こころから　おれいを<BR>いわせてもらいます。<BR>ありがとう。
cGameSceneNPCScriptReference3395,では　『まじんき』を<BR>もって　ていげきに<BR>かえるわよ。
cGameSceneNPCScriptReference3396,にんむかんりょう!<BR>ていげきに　きかんよ<BR><NAME>くん!!
cGameSceneNPCScriptReference3397,マ……マリアさん!<BR>あ……あれは　まさか……
cGameSceneNPCScriptReference3398,あれが　『まかいのトビラ』<BR>じゃ　ないですか?
cGameSceneNPCScriptReference3399,きっと　そうね……
cGameSceneNPCScriptReference339A,!!
cGameSceneNPCScriptReference339B,まずいわ!<BR>あとすこしで　かんぜんに<BR>ひらいてしまいそうよ!!
cGameSceneNPCScriptReference339C,なんとかして　はやく<BR>トビラを　とじないと!!
cGameSceneNPCScriptReference339D,マリアさん!<BR>ここにある　だいざみたいな<BR>ものは　もしかして……
cGameSceneNPCScriptReference339E,たしかに<BR>『まじんき・けん』を<BR>おいてくれと　いわんばかりの<BR>だいざが　あるわね……
cGameSceneNPCScriptReference339F,あっちにあるのは<BR>どうかしら?
cGameSceneNPCScriptReference33A0,これは　どうやら<BR>『まじんき・たま』を<BR>おくための　だいざの<BR>ようね……
cGameSceneNPCScriptReference33A1,<NAME>。<BR>むこうの　だいざを<BR>みてくれないかしら?
cGameSceneNPCScriptReference33A2,こっちは……<BR>『まじんき・かがみ』を<BR>おく　だいざの　ようです。
cGameSceneNPCScriptReference33A3,どういうこと<BR>なんでしょう……
cGameSceneNPCScriptReference33A4,おそらく……　『まじんき』が<BR>『まかいのトビラ』の<BR>カギになってるんじゃ<BR>ないかしら?
cGameSceneNPCScriptReference33A5,では　いっこくもはやく<BR>『まじんき』を　つかって<BR>あの　トビラを　とじないと<BR>いけませんね!
cGameSceneNPCScriptReference33A6,そうね。<BR>だいざに　『まじんき』を<BR>おいていきましょう!
cGameSceneNPCScriptReference33A7,あっ!<BR>ダメだわ!!
cGameSceneNPCScriptReference33A8,しまった!<BR>トビラが　かんぜんに<BR>ひらいてしまった!!
cGameSceneNPCScriptReference33A9,<NAME>!　<BR>きをつけて!!<BR>じゃあくな　れいりょくを<BR>かんじるわ!!!
cGameSceneNPCScriptReference33AA,われの　めざめを<BR>じゃまするものは<BR>だれだ……
cGameSceneNPCScriptReference33AB,わたしは<BR>ていこくかげきだん・はなぐみ<BR><NAME>!!
cGameSceneNPCScriptReference33AC,おまえは　なにもの!
cGameSceneNPCScriptReference33AD,われは　まかいおう……<BR>ちのそこにて　ながくねむりし<BR>まもののおう。
cGameSceneNPCScriptReference33AE,きょだいな　ちからにより<BR>トビラが　ひらかれし<BR>いま……
cGameSceneNPCScriptReference33AF,われら　まものが<BR>ちじょうを　しはいする……
cGameSceneNPCScriptReference33B0,おまえも　まものとなり<BR>われと　ともに　ちじょうを<BR>はかいしつくさぬか?
cGameSceneNPCScriptReference33B1,おもしろそうね
cGameSceneNPCScriptReference33B3,おことわりよ!!
cGameSceneNPCScriptReference33B5,おもしろそうね!
cGameSceneNPCScriptReference33B6,<NAME>!<BR>なにを　いってるの!!
cGameSceneNPCScriptReference33B7,よーし!　<BR>わたしも　まものになって<BR>せかいを　しはい<BR>しちゃおっと!
cGameSceneNPCScriptReference33B8,フフフフフフ……<BR>ならば　われのもとへ……
cGameSceneNPCScriptReference33B9,せかいは　まかいおうと<BR><NAME>によって<BR>ほろぼされた。
cGameSceneNPCScriptReference33BA,　　　ゲームオーバー
cGameSceneNPCScriptReference33BB,おことわりよ!!
cGameSceneNPCScriptReference33BC,ちじょうを　はかいだなんて<BR>そんなこと<BR>させるもんですか!!
cGameSceneNPCScriptReference33BD,そのとおりよ。<BR>ていとの　へいわを<BR>まもるのが　わたしたち
cGameSceneNPCScriptReference33BE,ていこくかげきだんの<BR>しめい　なのよ!!
cGameSceneNPCScriptReference33BF,フフフ……そうか<BR>ざんねんだが　それならば<BR>しかたがない……
cGameSceneNPCScriptReference33C0,おまえたちには<BR>ここで　しんでもらう……
cGameSceneNPCScriptReference33C1,!!!
cGameSceneNPCScriptReference33C2,グォォォ……
cGameSceneNPCScriptReference33C3,な……　なんて　つよい……<BR>じゃあくな……………………<BR>れいりょくなの………………
cGameSceneNPCScriptReference33C4,フフ……おまえたち……<BR>わが　しもべに<BR>かなうかな……
cGameSceneNPCScriptReference33C5,たしかに　いままでの<BR>てきとは　ちがうわね……<BR>でも　<NAME>なら<BR>かてるわよね!
cGameSceneNPCScriptReference33C6,はい!
cGameSceneNPCScriptReference33C8,はい!　だいじょうぶです!!<BR>わたしに　まかせてください<BR>マリアさん!!
cGameSceneNPCScriptReference33C9,フフフ……<BR>いいへんじよ<BR><NAME>。
cGameSceneNPCScriptReference33CA,いくわよ!!
cGameSceneNPCScriptReference33CC,……………………………………
cGameSceneNPCScriptReference33CD,<NAME>。<BR>こんなときに<BR>よわきにならないで……
cGameSceneNPCScriptReference33CE,いまの　<NAME>なら<BR>だいじょうぶよ…………<BR>リラックスしなさい。
cGameSceneNPCScriptReference33CF,さあ　いくわよ!!
cGameSceneNPCScriptReference33D0,グオァアァアァァァ〜〜!!
cGameSceneNPCScriptReference33D1,やりましたね!<BR>マリアさん!!
cGameSceneNPCScriptReference33D2,ええ　やったわね<BR><NAME>!!
cGameSceneNPCScriptReference33D3,まかいおう!<BR>おまえの　てしたも<BR>たいしたことは<BR>ないわね!
cGameSceneNPCScriptReference33D4,フ……フハハハハハ!!
cGameSceneNPCScriptReference33D5,な……<BR>なにが　おかしいの!!
cGameSceneNPCScriptReference33D6,フハハハ……　なかなか<BR>やるではないか……
cGameSceneNPCScriptReference33D7,おまえたちを　たおし<BR>まものにかえて<BR>われの　あたらしい<BR>しもべと　してやろう。
cGameSceneNPCScriptReference33D8,な　なんですって?!
cGameSceneNPCScriptReference33D9,そんなことは　させないわ!
cGameSceneNPCScriptReference33DB,そんなことは　させないわ!<BR>やられるのは　おまえよ!!<BR>まかいおう!!!
cGameSceneNPCScriptReference33DC,そのとおりよ!<BR>おまえを　たおして<BR>にどと　よみがえらないよう<BR>ふういんして　あげるわ!
cGameSceneNPCScriptReference33DE,……………………………………
cGameSceneNPCScriptReference33DF,そんなことは　させないわ!<BR>やられるのは　おまえよ!!<BR>まかいおう!!!
cGameSceneNPCScriptReference33E0,おまえを　たおし<BR>にどと　よみがえらないよう<BR>ふういんして　あげるわ!
cGameSceneNPCScriptReference33E1,フフフ……<BR>できるかな?……
cGameSceneNPCScriptReference33E2,いくわよ!<BR><NAME>!!
cGameSceneNPCScriptReference33E3,うおおおおおおおおおおおおお<BR>おおおおおおおおおおおおおお<BR>おおおおおおおおおおおおおお<BR>おおおおおーーーーーーーっ!
cGameSceneNPCScriptReference33E4,おぼえておれ……<BR>われは　なんどでも<BR>よみがえってくる……<BR>ぐぅっ……!!!
cGameSceneNPCScriptReference33E5,はあ……はあ……や……<BR>やりましたね　マリアさん。
cGameSceneNPCScriptReference33E6,<NAME>!<BR>『まじんき』を　はやく<BR>だいざに!
cGameSceneNPCScriptReference33E7,あの　トビラを　えいえんに<BR>とじるのよ!!
cGameSceneNPCScriptReference33E8,まずは　『まじんき・かがみ』<BR>を……
cGameSceneNPCScriptReference33E9,よし!<BR>つぎは……と
cGameSceneNPCScriptReference33EA,ここは　『まじんき・たま』<BR>ね……
cGameSceneNPCScriptReference33EB,よし!<BR>さいごは……
cGameSceneNPCScriptReference33EC,『まじんき・けん』よ!
cGameSceneNPCScriptReference33ED,よし!<BR>ぜんぶ　おいたわ。
cGameSceneNPCScriptReference33EE,……!!<BR>みて!　<NAME>!!
cGameSceneNPCScriptReference33EF,マリアさん……
cGameSceneNPCScriptReference33F0,<NAME><BR>ついに　やったわね。
cGameSceneNPCScriptReference33F1,はい!<BR>…………でも
cGameSceneNPCScriptReference33F2,『まじんき』を<BR>かいしゅうするだけの<BR>にんむ　だったのに<BR>こんなことに　なるなんて……
cGameSceneNPCScriptReference33F3,そうね……<BR>まさか　ちじょうの　しはいを<BR>たくらむ　まものが　こんな　<BR>ところに　いるなんてね……
cGameSceneNPCScriptReference33F4,それにしても<BR><NAME>は<BR>よく　がんばったわね。
cGameSceneNPCScriptReference33F5,こころから　おれいを<BR>いわせてもらうわ。<BR>ありがとう。
cGameSceneNPCScriptReference33F6,では　『まじんき』を<BR>もって　ていげきに<BR>かえるわよ。
cGameSceneNPCScriptReference33F7,にんむかんりょう!<BR>ていげきに　きかんよ<BR><NAME>!!
cGameSceneNPCScriptReference2D26,レ……レニさん!<BR>あ……あれは　まさか……
cGameSceneNPCScriptReference2D27,あれが　『まかいのトビラ』<BR>じゃ　ないですか?
cGameSceneNPCScriptReference2D28,うん……<BR>きっと　そうだ……
cGameSceneNPCScriptReference2D29,!!
cGameSceneNPCScriptReference2D2A,まずい!<BR>あとすこしで　かんぜんに<BR>ひらいてしまう!!
cGameSceneNPCScriptReference2D2B,はやく　トビラを<BR>とじないと!!
cGameSceneNPCScriptReference2D2C,レニさん。<BR>ここにある　だいざみたいな<BR>ものは……
cGameSceneNPCScriptReference2D2D,……『まじんき・けん』を<BR>おく　だいざのようだね。
cGameSceneNPCScriptReference2D2E,あっちは　どうだろう?
cGameSceneNPCScriptReference2D2F,……『まじんき・たま』を<BR>おくための　だいざの<BR>ようだね。
cGameSceneNPCScriptReference2D30,むこうを　みてくれないか<BR><NAME>。
cGameSceneNPCScriptReference2D31,こっちは……<BR>『まじんき・かがみ』を<BR>おく　だいざの　ようです。
cGameSceneNPCScriptReference2D32,どういうこと<BR>なんでしょう……
cGameSceneNPCScriptReference2D33,おそらく……　『まじんき』が<BR>この　『まかいのトビラ』の<BR>カギに　なっているのだと<BR>おもう。
cGameSceneNPCScriptReference2D34,じゃあ　はやく<BR>『まじんき』を　つかって<BR>あの　トビラを　とじないと!
cGameSceneNPCScriptReference2D35,そうだね。<BR>いそいで　だいざに<BR>『まじんき』を<BR>おいていこう!
cGameSceneNPCScriptReference2D36,くっ!!
cGameSceneNPCScriptReference2D37,しまった!<BR>トビラが　かんぜんに<BR>ひらいた!
cGameSceneNPCScriptReference2D38,きをつけろ!　<NAME>!!<BR>じゃあくな　れいりょくを<BR>かんじる!!
cGameSceneNPCScriptReference2D39,われの　めざめを<BR>じゃまするものは<BR>だれだ……
cGameSceneNPCScriptReference2D3A,ボクは<BR>ていこくかげきだん・はなぐみ<BR><NAME>だ!
cGameSceneNPCScriptReference2D3B,おまえは　なにものだ!
cGameSceneNPCScriptReference2D3C,われは　まかいおう……<BR>ちのそこにて　ながくねむりし<BR>まもののおう。
cGameSceneNPCScriptReference2D3D,きょだいな　ちからにより<BR>トビラが　ひらかれし<BR>いま……
cGameSceneNPCScriptReference2D3E,われら　まものが<BR>ちじょうを　しはいする……
cGameSceneNPCScriptReference2D3F,おまえも　まものとなり<BR>われと　ともに　ちじょうを<BR>はかいしつくさぬか?
cGameSceneNPCScriptReference2D40,おもしろそうだ
cGameSceneNPCScriptReference2D42,バカなことをいうな!
cGameSceneNPCScriptReference2D44,おもしろそうだな!
cGameSceneNPCScriptReference2D45,<NAME>!!
cGameSceneNPCScriptReference2D46,よし!　<BR>ボクも　まものになって<BR>せかいを　しはいしてやる!
cGameSceneNPCScriptReference2D47,フフフフフフ……<BR>ならば　われのもとへ……
cGameSceneNPCScriptReference2D48,せかいは　まかいおうと<BR><NAME>によって<BR>ほろぼされた。
cGameSceneNPCScriptReference2D49,　　　ゲームオーバー
cGameSceneNPCScriptReference2D4A,バカなことをいうな!
cGameSceneNPCScriptReference2D4B,ちじょうを　はかいだなんて<BR>そんなこと　させるものか!!
cGameSceneNPCScriptReference2D4C,そのとおりだ!<BR>ていとの　へいわを<BR>まもるのが　ボクたち
cGameSceneNPCScriptReference2D4D,ていこくかげきだんの<BR>しめいだ!!
cGameSceneNPCScriptReference2D4E,フフフ……そうか<BR>ざんねんだが　それならば<BR>しかたがない……
cGameSceneNPCScriptReference2D4F,おまえたちには<BR>ここで　しんでもらう……
cGameSceneNPCScriptReference2D50,!!!
cGameSceneNPCScriptReference2D51,グォォォ……
cGameSceneNPCScriptReference2D52,クッ………………………………<BR>なんて　じゃあくで……………<BR>つよい…………れいりょく……<BR>なんだ……
cGameSceneNPCScriptReference2D53,フフ……おまえたち……<BR>わが　しもべに<BR>かなうかな……
cGameSceneNPCScriptReference2D54,どんなことがあっても<BR>ボクたちは　まけない!!<BR>そうだろ?　<NAME>!!
cGameSceneNPCScriptReference2D55,はい!
cGameSceneNPCScriptReference2D57,はい!　レニさん!!<BR>ボクたちの　チカラを<BR>みせつけて　やりましょう!!
cGameSceneNPCScriptReference2D58,よし!　<NAME>!!
cGameSceneNPCScriptReference2D59,いくぞ!
cGameSceneNPCScriptReference2D5B,……………………………………
cGameSceneNPCScriptReference2D5C,<NAME>。<BR>いまさら　なにを<BR>きんちょうしているんだ。
cGameSceneNPCScriptReference2D5D,いまの　<NAME>なら<BR>なにも　しんぱいする<BR>ことはない。<BR>だいじょうぶだ。
cGameSceneNPCScriptReference2D5E,いくぞ!!
cGameSceneNPCScriptReference2D5F,グオァアァアァァァ〜〜!!
cGameSceneNPCScriptReference2D60,やりましたね!<BR>レニさん!!
cGameSceneNPCScriptReference2D61,ああ……
cGameSceneNPCScriptReference2D62,まかいおう!<BR>おまえの　てしたも<BR>たいしたことは　ないな。
cGameSceneNPCScriptReference2D63,フ……フハハハハハ!!
cGameSceneNPCScriptReference2D64,………………<BR>なにが　おかしい!!
cGameSceneNPCScriptReference2D65,フハハハ……　なかなか<BR>やるではないか……
cGameSceneNPCScriptReference2D66,おまえたちを　たおし<BR>まものにかえて<BR>われの　あたらしい<BR>しもべと　してやろう。
cGameSceneNPCScriptReference2D67,なんだと!!
cGameSceneNPCScriptReference2D68,そんなことは　させない!
cGameSceneNPCScriptReference2D6A,そんなことは　させない!<BR>やられるのは　おまえだ!!<BR>まかいおう!!!
cGameSceneNPCScriptReference2D6B,そうだ。<BR>おまえを　たおし<BR>にどと　よみがえらないよう<BR>ふういん　してやる。
cGameSceneNPCScriptReference2D6D,……………………………………
cGameSceneNPCScriptReference2D6E,そんなことは　させない。<BR>やられるのは　おまえだ<BR>まかいおう!!!
cGameSceneNPCScriptReference2D6F,おまえを　たおし<BR>にどと　よみがえらないよう<BR>ふういん　してやる。
cGameSceneNPCScriptReference2D70,フフフ……<BR>できるかな?……
cGameSceneNPCScriptReference2D71,いくぞ!<BR><NAME>!!
cGameSceneNPCScriptReference2D72,うおおおおおおおおおおおおお<BR>おおおおおおおおおおおおおお<BR>おおおおおおおおおおおおおお<BR>おおおおおーーーーーーーっ!
cGameSceneNPCScriptReference2D73,おぼえておれ……<BR>われは　なんどでも<BR>よみがえってくる……<BR>ぐぅっ……!!!
cGameSceneNPCScriptReference2D74,はあ……はあ……や……<BR>やりましたね　レニさん。
cGameSceneNPCScriptReference2D75,<NAME>!<BR>はやく　『まじんき』を<BR>だいざに!
cGameSceneNPCScriptReference2D76,あの　トビラを　えいえんに<BR>とじるんだ!!
cGameSceneNPCScriptReference2D77,まずは　『まじんき・かがみ』<BR>を……
cGameSceneNPCScriptReference2D78,よし!<BR>つぎは……と
cGameSceneNPCScriptReference2D79,ここは　『まじんき・たま』<BR>だな……
cGameSceneNPCScriptReference2D7A,よし!<BR>さいごは……
cGameSceneNPCScriptReference2D7B,『まじんき・けん』だ!
cGameSceneNPCScriptReference2D7C,よし!<BR>ぜんぶ　おいたぞ。
cGameSceneNPCScriptReference2D7D,……!!<BR>みろ!　<NAME>!!
cGameSceneNPCScriptReference2D7E,レニさん……
cGameSceneNPCScriptReference2D7F,ついにやったね　<NAME>。
cGameSceneNPCScriptReference2D80,はい!<BR>…………でも
cGameSceneNPCScriptReference2D81,『まじんき』を<BR>かいしゅうするだけの<BR>にんむ　だったのに<BR>こんなことに　なるなんて……
cGameSceneNPCScriptReference2D82,そうだね。<BR>まさか　ちじょうの<BR>しはいを　もくろむてきが<BR>いるとは……
cGameSceneNPCScriptReference2D83,それにしても<BR><NAME>は<BR>ほんとうに<BR>よくやったな……
cGameSceneNPCScriptReference2D84,ごくろうさま……<BR>そして……<BR>ありがとう。
cGameSceneNPCScriptReference2D85,さあ　『まじんき』を<BR>もって　ていげきに<BR>かえろう!
cGameSceneNPCScriptReference2D86,にんむかんりょう!<BR>ていげきに　きかんしよう<BR><NAME>!
cGameSceneNPCScriptReference2D87,レ……レニさん!<BR>あ……あれは　まさか……
cGameSceneNPCScriptReference2D88,あれが　『まかいのトビラ』<BR>じゃ　ないですか?
cGameSceneNPCScriptReference2D89,うん……<BR>きっと　そうだ……
cGameSceneNPCScriptReference2D8A,!!
cGameSceneNPCScriptReference2D8B,まずい!<BR>あとすこしで　かんぜんに<BR>ひらいてしまう!!
cGameSceneNPCScriptReference2D8C,はやく　トビラを<BR>とじないと!!
cGameSceneNPCScriptReference2D8D,レニさん。<BR>ここにある　だいざみたいな<BR>ものは……
cGameSceneNPCScriptReference2D8E,……『まじんき・けん』を<BR>おく　だいざのようだね。
cGameSceneNPCScriptReference2D8F,あっちは　どうだろう?
cGameSceneNPCScriptReference2D90,……『まじんき・たま』を<BR>おくための　だいざの<BR>ようだね。
cGameSceneNPCScriptReference2D91,むこうを　みてくれないか<BR><NAME>。
cGameSceneNPCScriptReference2D92,こっちは……<BR>『まじんき・かがみ』を<BR>おく　だいざの　ようです。
cGameSceneNPCScriptReference2D93,どういうこと<BR>なんでしょう……
cGameSceneNPCScriptReference2D94,おそらく……　『まじんき』が<BR>この　『まかいのトビラ』の<BR>カギに　なっているのだと<BR>おもう。
cGameSceneNPCScriptReference2D95,では　いっこくもはやく<BR>『まじんき』を　つかって<BR>あの　トビラを　とじないと<BR>いけませんね!
cGameSceneNPCScriptReference2D96,そうだね。<BR>いそいで　だいざに<BR>『まじんき』を<BR>おいていこう!
cGameSceneNPCScriptReference2D97,くっ!
cGameSceneNPCScriptReference2D98,しまった!<BR>トビラが　かんぜんに<BR>ひらいた!
cGameSceneNPCScriptReference2D99,きをつけろ!　<NAME>!!<BR>じゃあくな　れいりょくを<BR>かんじる!!
cGameSceneNPCScriptReference2D9A,われの　めざめを<BR>じゃまするものは<BR>だれだ……
cGameSceneNPCScriptReference2D9B,わたしは<BR>ていこくかげきだん・はなぐみ<BR><NAME>!!
cGameSceneNPCScriptReference2D9C,おまえは　なにもの!
cGameSceneNPCScriptReference2D9D,われは　まかいおう……<BR>ちのそこにて　ながくねむりし<BR>まもののおう。
cGameSceneNPCScriptReference2D9E,きょだいな　ちからにより<BR>トビラが　ひらかれし<BR>いま……
cGameSceneNPCScriptReference2D9F,われら　まものが<BR>ちじょうを　しはいする……
cGameSceneNPCScriptReference2DA0,おまえも　まものとなり<BR>われと　ともに　ちじょうを<BR>はかいしつくさぬか?
cGameSceneNPCScriptReference2DA1,おもしろそうね
cGameSceneNPCScriptReference2DA3,おことわりよ!!
cGameSceneNPCScriptReference2DA5,おもしろそうね!
cGameSceneNPCScriptReference2DA6,<NAME>!!
cGameSceneNPCScriptReference2DA7,よーし!　<BR>わたしも　まものになって<BR>せかいを　しはい<BR>しちゃおっと!
cGameSceneNPCScriptReference2DA8,フフフフフフ……<BR>ならば　われのもとへ……
cGameSceneNPCScriptReference2DA9,せかいは　まかいおうと<BR><NAME>によって<BR>ほろぼされた。
cGameSceneNPCScriptReference2DAA,　　　ゲームオーバー
cGameSceneNPCScriptReference2DAB,おことわりよ!!
cGameSceneNPCScriptReference2DAC,ちじょうを　はかいだなんて<BR>そんなこと<BR>させるもんですか!!
cGameSceneNPCScriptReference2DAD,そのとおりだ!<BR>ていとの　へいわを<BR>まもるのが　ボクたち
cGameSceneNPCScriptReference2DAE,ていこくかげきだんの<BR>しめいだ!!
cGameSceneNPCScriptReference2DAF,フフフ……そうか<BR>ざんねんだが　それならば<BR>しかたがない……
cGameSceneNPCScriptReference2DB0,おまえたちには<BR>ここで　しんでもらう……
cGameSceneNPCScriptReference2DB1,!!!
cGameSceneNPCScriptReference2DB2,グォォォ……
cGameSceneNPCScriptReference2DB3,クッ………………………………<BR>なんて　じゃあくで……………<BR>つよい…………れいりょく……<BR>なんだ……
cGameSceneNPCScriptReference2DB4,フフ……おまえたち……<BR>わが　しもべに<BR>かなうかな……
cGameSceneNPCScriptReference2DB5,どんなことがあっても<BR>ボクたちは　まけない!!<BR>そうだろ?　<NAME>!!
cGameSceneNPCScriptReference2DB6,はい!
cGameSceneNPCScriptReference2DB8,はい!　レニさん!!<BR>わたしたちの　チカラを<BR>みせつけて　やりましょう!!
cGameSceneNPCScriptReference2DB9,よし!　<NAME>!!
cGameSceneNPCScriptReference2DBA,いくぞ!
cGameSceneNPCScriptReference2DBC,……………………………………
cGameSceneNPCScriptReference2DBD,<NAME>。<BR>いまさら　なにを<BR>きんちょうしているんだ。
cGameSceneNPCScriptReference2DBE,いまの　<NAME>なら<BR>なにも　しんぱいする<BR>ことはない。<BR>だいじょうぶだ。
cGameSceneNPCScriptReference2DBF,いくぞ!!
cGameSceneNPCScriptReference2DC0,グオァアァアァァァ〜〜!!
cGameSceneNPCScriptReference2DC1,やりましたね!<BR>レニさん!!
cGameSceneNPCScriptReference2DC2,ああ……
cGameSceneNPCScriptReference2DC3,まかいおう!<BR>おまえの　てしたも<BR>たいしたことは　ないな。
cGameSceneNPCScriptReference2DC4,フ……フハハハハハ!!
cGameSceneNPCScriptReference2DC5,………………<BR>なにが　おかしい!!
cGameSceneNPCScriptReference2DC6,フハハハ……　なかなか<BR>やるではないか……
cGameSceneNPCScriptReference2DC7,おまえたちを　たおし<BR>まものにかえて<BR>われの　あたらしい<BR>しもべと　してやろう。
cGameSceneNPCScriptReference2DC8,なんだと!!
cGameSceneNPCScriptReference2DC9,そんなことは　させないわ!
cGameSceneNPCScriptReference2DCB,そんなことは　させないわ!<BR>やられるのは　おまえよ!!<BR>まかいおう!!!
cGameSceneNPCScriptReference2DCC,そうだ。<BR>おまえを　たおし<BR>にどと　よみがえらないよう<BR>ふういん　してやる。
cGameSceneNPCScriptReference2DCE,……………………………………
cGameSceneNPCScriptReference2DCF,そんなことは　させない。<BR>やられるのは　おまえだ<BR>まかいおう!!!
cGameSceneNPCScriptReference2DD0,おまえを　たおし<BR>にどと　よみがえらないよう<BR>ふういん　してやる。
cGameSceneNPCScriptReference2DD1,フフフ……<BR>できるかな?……
cGameSceneNPCScriptReference2DD2,いくぞ!<BR><NAME>!!
cGameSceneNPCScriptReference2DD3,うおおおおおおおおおおおおお<BR>おおおおおおおおおおおおおお<BR>おおおおおおおおおおおおおお<BR>おおおおおーーーーーーーっ!
cGameSceneNPCScriptReference2DD4,おぼえておれ……<BR>われは　なんどでも<BR>よみがえってくる……<BR>ぐぅっ……!!!
cGameSceneNPCScriptReference2DD5,はあ……はあ……や……<BR>やりましたね　レニさん。
cGameSceneNPCScriptReference2DD6,<NAME>!<BR>はやく　『まじんき』を<BR>だいざに!
cGameSceneNPCScriptReference2DD7,あの　トビラを　えいえんに<BR>とじるんだ!!
cGameSceneNPCScriptReference2DD8,まずは　『まじんき・かがみ』<BR>を……
cGameSceneNPCScriptReference2DD9,よし!<BR>つぎは……と
cGameSceneNPCScriptReference2DDA,ここは　『まじんき・たま』<BR>ね……
cGameSceneNPCScriptReference2DDB,よし!<BR>さいごは……
cGameSceneNPCScriptReference2DDC,『まじんき・けん』よ!
cGameSceneNPCScriptReference2DDD,よし!<BR>ぜんぶ　おいたわ。
cGameSceneNPCScriptReference2DDE,……!!<BR>みろ!　<NAME>!!
cGameSceneNPCScriptReference2DDF,レニさん……
cGameSceneNPCScriptReference2DE0,ついにやったね　<NAME>。
cGameSceneNPCScriptReference2DE1,はい!<BR>…………でも
cGameSceneNPCScriptReference2DE2,『まじんき』を<BR>かいしゅうするだけの<BR>にんむ　だったのに<BR>こんなことに　なるなんて……
cGameSceneNPCScriptReference2DE3,そうだね。<BR>まさか　ちじょうの<BR>しはいを　もくろむてきが<BR>いるとは……
cGameSceneNPCScriptReference2DE4,それにしても<BR><NAME>は<BR>ほんとうに<BR>よくやったな……
cGameSceneNPCScriptReference2DE5,ごくろうさま……<BR>そして……<BR>ありがとう。
cGameSceneNPCScriptReference2DE6,さあ　『まじんき』を<BR>もって　ていげきに<BR>かえろう!
cGameSceneNPCScriptReference2DE7,にんむかんりょう!<BR>ていげきに　きかんしよう<BR><NAME>!
cGameSceneNPCScriptReference2DE8,お……おおがみさん!<BR>あ……あれは　まさか……
cGameSceneNPCScriptReference2DE9,あれが　『まかいのトビラ』<BR>じゃ　ないですか?
cGameSceneNPCScriptReference2DEA,うん　そうにちがいない。
cGameSceneNPCScriptReference2DEB,!!
cGameSceneNPCScriptReference2DEC,まずいぞ!<BR>あとすこしで　かんぜんに<BR>ひらいてしまう!!
cGameSceneNPCScriptReference2DED,どうにかして　はやく<BR>トビラを　とじないと!!
cGameSceneNPCScriptReference2DEE,おおがみさん!<BR>ここにある　だいざみたいな<BR>ものは　もしかして……
cGameSceneNPCScriptReference2DEF,……これは　いかにも<BR>『まじんき・けん』を<BR>おいてくれと　いわんばかりの<BR>だいざだな。
cGameSceneNPCScriptReference2DF0,あっちは　どうだろう?
cGameSceneNPCScriptReference2DF1,これは　どうやら<BR>『まじんき・たま』を<BR>おくための　だいざの<BR>ようだな。
cGameSceneNPCScriptReference2DF2,<NAME>くん。<BR>むこうの　だいざは<BR>どうだい?
cGameSceneNPCScriptReference2DF3,こっちは……<BR>『まじんき・かがみ』を<BR>おく　だいざの　ようですね。
cGameSceneNPCScriptReference2DF4,どういうこと<BR>なんでしょう……
cGameSceneNPCScriptReference2DF5,おそらく……　『まじんき』が<BR>この　『まかいのトビラ』の<BR>カギに　なってるんじゃ<BR>ないかな。
cGameSceneNPCScriptReference2DF6,じゃあ　はやく<BR>『まじんき』を　つかって<BR>あの　トビラを　とじないと!
cGameSceneNPCScriptReference2DF7,よし　だいざに<BR>『まじんき』を<BR>おいて　いこう。
cGameSceneNPCScriptReference2DF8,うっ!<BR>まずい!!
cGameSceneNPCScriptReference2DF9,しまった!<BR>トビラが　かんぜんに<BR>ひらいてしまった!!
cGameSceneNPCScriptReference2DFA,きをつけろ　<NAME>くん!<BR>じゃあくな　れいりょくを<BR>かんじる!!
cGameSceneNPCScriptReference2DFB,われの　めざめを<BR>じゃまするものは<BR>だれだ……
cGameSceneNPCScriptReference2DFC,ボクは<BR>ていこくかげきだん・はなぐみ<BR><NAME>だ!
cGameSceneNPCScriptReference2DFD,おまえは　なにものだ!
cGameSceneNPCScriptReference2DFE,われは　まかいおう……<BR>ちのそこにて　ながくねむりし<BR>まもののおう。
cGameSceneNPCScriptReference2DFF,きょだいな　ちからにより<BR>トビラが　ひらかれし<BR>いま……
cGameSceneNPCScriptReference2E00,われら　まものが<BR>ちじょうを　しはいする……
cGameSceneNPCScriptReference2E01,おまえも　まものとなり<BR>われと　ともに　ちじょうを<BR>はかいしつくさぬか?
cGameSceneNPCScriptReference2E02,おもしろそうだ
cGameSceneNPCScriptReference2E04,バカなことをいうな!
cGameSceneNPCScriptReference2E06,おもしろそうだな!
cGameSceneNPCScriptReference2E07,な!　なにバカなことを<BR>いってるんだ!!<BR><NAME>くん!!!
cGameSceneNPCScriptReference2E08,よし!　<BR>ボクも　まものになって<BR>せかいを　しはいしてやる!
cGameSceneNPCScriptReference2E09,フフフフフフ……<BR>ならば　われのもとへ……
cGameSceneNPCScriptReference2E0A,せかいは　まかいおうと<BR><NAME>によって<BR>ほろぼされた。
cGameSceneNPCScriptReference2E0B,　　　ゲームオーバー
cGameSceneNPCScriptReference2E0C,バカなことをいうな!
cGameSceneNPCScriptReference2E0D,ちじょうを　はかいだなんて<BR>そんなこと　させるものか!!
cGameSceneNPCScriptReference2E0E,そのとおりだ!<BR>ていとの　へいわを<BR>まもるのが　オレたち
cGameSceneNPCScriptReference2E0F,ていこくかげきだんの<BR>しめいなんだ!!
cGameSceneNPCScriptReference2E10,フフフ……そうか<BR>ざんねんだが　それならば<BR>しかたがない……
cGameSceneNPCScriptReference2E11,おまえたちには<BR>ここで　しんでもらう……
cGameSceneNPCScriptReference2E12,!!!
cGameSceneNPCScriptReference2E13,グォォォ……
cGameSceneNPCScriptReference2E14,す……　すごい……<BR>れいりょくだ……………………
cGameSceneNPCScriptReference2E15,フフ……おまえたち……<BR>わが　しもべに<BR>かなうかな……
cGameSceneNPCScriptReference2E16,こんなにも　つよくて<BR>じゃあくな　れいりょく……　<BR>オレたちだけで<BR>かてるのか!?
cGameSceneNPCScriptReference2E17,だいじょうぶです!!
cGameSceneNPCScriptReference2E19,だいじょうぶですよ!<BR>おおがみさん!!<BR>ボクたちの　チカラを<BR>みせてやりましょう!!
cGameSceneNPCScriptReference2E1A,そうだな　<NAME>くん。
cGameSceneNPCScriptReference2E1B,よし　いくぞ!!
cGameSceneNPCScriptReference2E1D,……………………………………
cGameSceneNPCScriptReference2E1E,こんなときに　オレは<BR>なにを　いってるんだ!
cGameSceneNPCScriptReference2E1F,すまなかった　<NAME>くん<BR>つい　よわきに<BR>なってしまった。
cGameSceneNPCScriptReference2E20,きあいを　いれなおして<BR>いくぞ!!
cGameSceneNPCScriptReference2E21,グオァアァアァァァ〜〜!!
cGameSceneNPCScriptReference2E22,やりましたね!<BR>おおがみさん!!
cGameSceneNPCScriptReference2E23,よくやったぞ。<BR><NAME>くん!
cGameSceneNPCScriptReference2E24,まかいおう!<BR>キサマの　てしたも<BR>たいしたことは　ないな……
cGameSceneNPCScriptReference2E25,フ……フハハハハハ!!
cGameSceneNPCScriptReference2E26,な……<BR>なにが　おかしい!!
cGameSceneNPCScriptReference2E27,フハハハ……　なかなか<BR>やるではないか……
cGameSceneNPCScriptReference2E28,おまえたちを　たおし<BR>まものにかえて<BR>われの　あたらしい<BR>しもべと　してやろう。
cGameSceneNPCScriptReference2E29,な　なんだと?!
cGameSceneNPCScriptReference2E2A,そんなことは　させない!
cGameSceneNPCScriptReference2E2C,そんなことは　させない!<BR>やられるのは　おまえだ!!<BR>まかいおう!!!
cGameSceneNPCScriptReference2E2D,そうだ!<BR>おまえを　たおして<BR>もういちど<BR>ふういん　してやる!!
cGameSceneNPCScriptReference2E2F,……………………………………
cGameSceneNPCScriptReference2E30,そんなことは　させない!<BR>やられるのは　おまえだ!!<BR>まかいおう!!!
cGameSceneNPCScriptReference2E31,おまえを　たおし<BR>もういちど<BR>ふういん　してやる!!
cGameSceneNPCScriptReference2E32,フフフ……<BR>できるかな?……
cGameSceneNPCScriptReference2E33,いくぞ!<BR><NAME>くん!!
cGameSceneNPCScriptReference2E34,うおおおおおおおおおおおおお<BR>おおおおおおおおおおおおおお<BR>おおおおおおおおおおおおおお<BR>おおおおおーーーーーーーっ!
cGameSceneNPCScriptReference2E35,おぼえておれ……<BR>われは　なんどでも<BR>よみがえってくる……<BR>ぐぅっ……!!!
cGameSceneNPCScriptReference2E36,はあ……はあ……や……<BR>やりましたね　おおがみさん。
cGameSceneNPCScriptReference2E37,<NAME>くん!<BR>『まじんき』を　はやく<BR>だいざに!
cGameSceneNPCScriptReference2E38,あの　トビラを　えいえんに<BR>とじるんだ!!
cGameSceneNPCScriptReference2E39,まずは　『まじんき・かがみ』<BR>を……
cGameSceneNPCScriptReference2E3A,よし!<BR>つぎは……と
cGameSceneNPCScriptReference2E3B,ここは　『まじんき・たま』<BR>だな……
cGameSceneNPCScriptReference2E3C,よし!<BR>さいごは……
cGameSceneNPCScriptReference2E3D,『まじんき・けん』だ!
cGameSceneNPCScriptReference2E3E,よし!<BR>ぜんぶ　おいたぞ。
cGameSceneNPCScriptReference2E3F,……!!<BR>みろ!　<NAME>くん!!
cGameSceneNPCScriptReference2E40,おおがみさん……
cGameSceneNPCScriptReference2E41,<NAME>くん<BR>ついに　やったな。
cGameSceneNPCScriptReference2E42,はい!<BR>…………でも
cGameSceneNPCScriptReference2E43,『まじんき』を<BR>かいしゅうするだけの<BR>にんむ　だったのに<BR>こんなことに　なるなんて……
cGameSceneNPCScriptReference2E44,そうだな……<BR>まさか　ちじょうの　しはいを<BR>たくらむやつらが　こんな　<BR>とこに　いるなんてな……
cGameSceneNPCScriptReference2E45,それにしても　<NAME>くん<BR>キミは　ほんとうに<BR>よくやってくれた。
cGameSceneNPCScriptReference2E46,こころから　おれいを<BR>いわせてもらうよ。<BR>ありがとう。
cGameSceneNPCScriptReference2E47,さあ　『まじんき』を<BR>もって　ていげきに<BR>もどろう。
cGameSceneNPCScriptReference2E48,よし!　にんむかんりょう!<BR>ていげきに　もどるぞ<BR><NAME>くん!!
cGameSceneNPCScriptReference2E49,お……おおがみさん!<BR>あ……あれは　まさか……
cGameSceneNPCScriptReference2E4A,あれが　『まかいのトビラ』<BR>じゃ　ないですか?
cGameSceneNPCScriptReference2E4B,うん　そうにちがいない。
cGameSceneNPCScriptReference2E4C,!!
cGameSceneNPCScriptReference2E4D,まずいぞ!<BR>あとすこしで　かんぜんに<BR>ひらいてしまう!!
cGameSceneNPCScriptReference2E4E,どうにかして　はやく<BR>トビラを　とじないと!!
cGameSceneNPCScriptReference2E4F,おおがみさん!<BR>ここにある　だいざみたいな<BR>ものは　もしかして……
cGameSceneNPCScriptReference2E50,……これは　いかにも<BR>『まじんき・けん』を<BR>おいてくれと　いわんばかりの<BR>だいざだな。
cGameSceneNPCScriptReference2E51,あっちは　どうだろう?
cGameSceneNPCScriptReference2E52,これは　どうやら<BR>『まじんき・たま』を<BR>おくための　だいざの<BR>ようだな。
cGameSceneNPCScriptReference2E53,<NAME>くん。<BR>むこうの　だいざは<BR>どうだい?
cGameSceneNPCScriptReference2E54,こっちは……<BR>『まじんき・かがみ』を<BR>おく　だいざの　ようですね。
cGameSceneNPCScriptReference2E55,どういうこと<BR>なんでしょうか……
cGameSceneNPCScriptReference2E56,おそらく……　『まじんき』が<BR>この　『まかいのトビラ』の<BR>カギに　なってるんじゃ<BR>ないかな。
cGameSceneNPCScriptReference2E57,では　いっこくもはやく<BR>『まじんき』を　つかって<BR>あの　トビラを　とじないと<BR>いけませんね!
cGameSceneNPCScriptReference2E58,よし　だいざに<BR>『まじんき』を<BR>おいて　いこう。
cGameSceneNPCScriptReference2E59,うっ!<BR>まずい!!
cGameSceneNPCScriptReference2E5A,しまった!<BR>トビラが　かんぜんに<BR>ひらいてしまった!!
cGameSceneNPCScriptReference2E5B,きをつけろ　<NAME>くん!<BR>じゃあくな　れいりょくを<BR>かんじる!!
cGameSceneNPCScriptReference2E5C,われの　めざめを<BR>じゃまするものは<BR>だれだ……
cGameSceneNPCScriptReference2E5D,わたしは<BR>ていこくかげきだん・はなぐみ<BR><NAME>!!
cGameSceneNPCScriptReference2E5E,おまえは　なにもの!
cGameSceneNPCScriptReference2E5F,われは　まかいおう……<BR>ちのそこにて　ながくねむりし<BR>まもののおう。
cGameSceneNPCScriptReference2E60,きょだいな　ちからにより<BR>トビラが　ひらかれし<BR>いま……
cGameSceneNPCScriptReference2E61,われら　まものが<BR>ちじょうを　しはいする……
cGameSceneNPCScriptReference2E62,おまえも　まものとなり<BR>われと　ともに　ちじょうを<BR>はかいしつくさぬか?
cGameSceneNPCScriptReference2E63,おもしろそうね
cGameSceneNPCScriptReference2E65,おことわりよ!!
cGameSceneNPCScriptReference2E67,おもしろそうね!
cGameSceneNPCScriptReference2E68,な!　なにバカなことを<BR>いってるんだ!!<BR><NAME>くん!!!
cGameSceneNPCScriptReference2E69,よーし!　<BR>わたしも　まものになって<BR>せかいを　しはい<BR>しちゃおっと!
cGameSceneNPCScriptReference2E6A,フフフフフフ……<BR>ならば　われのもとへ……
cGameSceneNPCScriptReference2E6B,せかいは　まかいおうと<BR><NAME>によって<BR>ほろぼされた。
cGameSceneNPCScriptReference2E6C,　　　ゲームオーバー
cGameSceneNPCScriptReference2E6D,おことわりよ!!
cGameSceneNPCScriptReference2E6E,ちじょうを　はかいだなんて<BR>そんなこと<BR>させるもんですか!!
cGameSceneNPCScriptReference2E6F,そのとおりだ!<BR>よくいった!<BR><NAME>くん!!
cGameSceneNPCScriptReference2E70,ていとの　へいわを<BR>まもるのが　オレたち<BR>ていこくかげきだんの<BR>しめいだ!!
cGameSceneNPCScriptReference2E71,フフフ……そうか<BR>ざんねんだが　それならば<BR>しかたがない……
cGameSceneNPCScriptReference2E72,おまえたちには<BR>ここで　しんでもらう……
cGameSceneNPCScriptReference2E73,!!!
cGameSceneNPCScriptReference2E74,グォォォ……
cGameSceneNPCScriptReference2E75,す……　すごい……<BR>れいりょくだ……………………
cGameSceneNPCScriptReference2E76,フフ……おまえたち……<BR>わが　しもべに<BR>かなうかな……
cGameSceneNPCScriptReference2E77,こんなにも　つよくて<BR>じゃあくな　れいりょく……　<BR>オレたちだけで<BR>かてるのか!?
cGameSceneNPCScriptReference2E78,だいじょうぶです!!
cGameSceneNPCScriptReference2E7A,だいじょうぶですよ!<BR>おおがみさん!!<BR>わたしたちの　チカラを<BR>みせてやりましょう!!
cGameSceneNPCScriptReference2E7B,そうだな　<NAME>くん。
cGameSceneNPCScriptReference2E7C,よし　いくぞ!!
cGameSceneNPCScriptReference2E7E,……………………………………
cGameSceneNPCScriptReference2E7F,こんなときに　オレは<BR>なにを　いってるんだ!
cGameSceneNPCScriptReference2E80,すまなかった　<NAME>くん<BR>つい　よわきに<BR>なってしまった。
cGameSceneNPCScriptReference2E81,きあいを　いれなおして<BR>いくぞ!!
cGameSceneNPCScriptReference2E82,グオァアァアァァァ〜〜!!
cGameSceneNPCScriptReference2E83,やりましたね!<BR>おおがみさん!!
cGameSceneNPCScriptReference2E84,よくやったぞ。<BR><NAME>くん!
cGameSceneNPCScriptReference2E85,まかいおう!<BR>キサマの　てしたも<BR>たいしたことは　ないな……
cGameSceneNPCScriptReference2E86,フ……フハハハハハ!!
cGameSceneNPCScriptReference2E87,な……<BR>なにが　おかしい!!
cGameSceneNPCScriptReference2E88,フハハハ……　なかなか<BR>やるではないか……
cGameSceneNPCScriptReference2E89,おまえたちを　たおし<BR>まものにかえて<BR>われの　あたらしい<BR>しもべと　してやろう。
cGameSceneNPCScriptReference2E8A,な　なんだと?!
cGameSceneNPCScriptReference2E8B,そんなことは　させないわ!
cGameSceneNPCScriptReference2E8D,そんなことは　させないわ!<BR>やられるのは　おまえよ!!<BR>まかいおう!!!
cGameSceneNPCScriptReference2E8E,そうだ!<BR>おまえを　たおして<BR>もういちど<BR>ふういん　してやる!!
cGameSceneNPCScriptReference2E90,……………………………………
cGameSceneNPCScriptReference2E91,そんなことは　させない!<BR>やられるのは　おまえだ!!<BR>まかいおう!!!
cGameSceneNPCScriptReference2E92,おまえを　たおし<BR>もういちど<BR>ふういん　してやる!!
cGameSceneNPCScriptReference2E93,フフフ……<BR>できるかな?……
cGameSceneNPCScriptReference2E94,いくぞ!<BR><NAME>くん!!
cGameSceneNPCScriptReference2E95,うおおおおおおおおおおおおお<BR>おおおおおおおおおおおおおお<BR>おおおおおおおおおおおおおお<BR>おおおおおーーーーーーーっ!
cGameSceneNPCScriptReference2E96,おぼえておれ……<BR>われは　なんどでも<BR>よみがえってくる……<BR>ぐぅっ……!!!
cGameSceneNPCScriptReference2E97,はあ……はあ…………<BR>やりましたね　おおがみさん。
cGameSceneNPCScriptReference2E98,<NAME>くん!<BR>『まじんき』を　はやく<BR>だいざに!
cGameSceneNPCScriptReference2E99,あの　トビラを　えいえんに<BR>とじるんだ!!
cGameSceneNPCScriptReference2E9A,まずは　『まじんき・かがみ』<BR>を……
cGameSceneNPCScriptReference2E9B,よし!<BR>つぎは……と
cGameSceneNPCScriptReference2E9C,ここは　『まじんき・たま』<BR>ね……
cGameSceneNPCScriptReference2E9D,よし!<BR>さいごは……
cGameSceneNPCScriptReference2E9E,『まじんき・けん』よ!
cGameSceneNPCScriptReference2E9F,よし!<BR>ぜんぶ　おいたわ。
cGameSceneNPCScriptReference2EA0,……!!<BR>みろ!　<NAME>くん!!
cGameSceneNPCScriptReference2EA1,おおがみさん……
cGameSceneNPCScriptReference2EA2,<NAME>くん<BR>ついに　やったな。
cGameSceneNPCScriptReference2EA3,はい!<BR>…………でも
cGameSceneNPCScriptReference2EA4,『まじんき』を<BR>かいしゅうするだけの<BR>にんむ　だったのに<BR>こんなことに　なるなんて……
cGameSceneNPCScriptReference2EA5,そうだな……<BR>まさか　ちじょうの　しはいを<BR>たくらむやつらが　こんな　<BR>とこに　いるなんてな……
cGameSceneNPCScriptReference2EA6,それにしても　<NAME>くん<BR>キミは　ほんとうに<BR>よくやってくれた。<BR>すばらしい!!
cGameSceneNPCScriptReference2EA7,こころから　おれいを<BR>いわせてもらうよ。<BR>ありがとう。
cGameSceneNPCScriptReference2EA8,さあ　『まじんき』を<BR>もって　ていげきに<BR>もどろう。
cGameSceneNPCScriptReference2EA9,よし!　にんむかんりょう!<BR>ていげきに　もどるぞ<BR><NAME>くん!!
cGameSceneNPCScriptReference2EAA,こ……こうらんさん!<BR>あ……あれは　まさか……
cGameSceneNPCScriptReference2EAB,あれが　『まかいのトビラ』<BR>じゃ　ないですか?
cGameSceneNPCScriptReference2EAC,ああ……<BR>きっと　そうや……
cGameSceneNPCScriptReference2EAD,!!
cGameSceneNPCScriptReference2EAE,まずいで!<BR>あとちょっとで　かんぜんに<BR>ひらいてしまう!!
cGameSceneNPCScriptReference2EAF,なんとかして<BR>トビラを　とじんと!!
cGameSceneNPCScriptReference2EB0,こうらんさん。<BR>ここにある　だいざみたいな<BR>ものは　もしかして……
cGameSceneNPCScriptReference2EB1,……これは　いかにも<BR>『まじんき・けん』を<BR>おいてくれと　いわんばかりの<BR>だいざやな……
cGameSceneNPCScriptReference2EB2,あっちは　どないやろ?
cGameSceneNPCScriptReference2EB3,どうやら　こっちは<BR>『まじんき・たま』を<BR>おくための　だいざ<BR>みたいやな。
cGameSceneNPCScriptReference2EB4,<NAME>はん<BR>むこうの　だいざは<BR>どないなっとる?
cGameSceneNPCScriptReference2EB5,こっちは……<BR>『まじんき・かがみ』を<BR>おく　だいざの　ようです。
cGameSceneNPCScriptReference2EB6,どういうこと<BR>なんでしょう……
cGameSceneNPCScriptReference2EB7,たぶん……　『まじんき』が<BR>この　『まかいのトビラ』の<BR>カギになってるんやろ。
cGameSceneNPCScriptReference2EB8,じゃあ　はやく<BR>『まじんき』を　つかって<BR>あの　トビラを　とじないと!
cGameSceneNPCScriptReference2EB9,そやな。<BR>いそいで　だいざに<BR>『まじんき』を　おいていこ。
cGameSceneNPCScriptReference2EBA,うっ!<BR>まずいで!!
cGameSceneNPCScriptReference2EBB,アカン!<BR>トビラが　かんぜんに<BR>ひらいてもうた!!
cGameSceneNPCScriptReference2EBC,<NAME>はん!　<BR>きをつけるんや!<BR>じゃあくな　れいりょくを<BR>かんじる!!!
cGameSceneNPCScriptReference2EBD,われの　めざめを<BR>じゃまするものは<BR>だれだ……
cGameSceneNPCScriptReference2EBE,ボクは<BR>ていこくかげきだん・はなぐみ<BR><NAME>だ!
cGameSceneNPCScriptReference2EBF,おまえは　なにものだ!
cGameSceneNPCScriptReference2EC0,われは　まかいおう……<BR>ちのそこにて　ながくねむりし<BR>まもののおう。
cGameSceneNPCScriptReference2EC1,きょだいな　ちからにより<BR>トビラが　ひらかれし<BR>いま……
cGameSceneNPCScriptReference2EC2,われら　まものが<BR>ちじょうを　しはいする……
cGameSceneNPCScriptReference2EC3,おまえも　まものとなり<BR>われと　ともに　ちじょうを<BR>はかいしつくさぬか?
cGameSceneNPCScriptReference2EC4,おもしろそうだ
cGameSceneNPCScriptReference2EC6,バカなことをいうな!
cGameSceneNPCScriptReference2EC8,おもしろそうだな!
cGameSceneNPCScriptReference2EC9,<NAME>はん!<BR>なんちゅーことを!!
cGameSceneNPCScriptReference2ECA,よし!　<BR>ボクも　まものになって<BR>せかいを　しはいしてやる!
cGameSceneNPCScriptReference2ECB,フフフフフフ……<BR>ならば　われのもとへ……
cGameSceneNPCScriptReference2ECC,せかいは　まかいおうと<BR><NAME>によって<BR>ほろぼされた。
cGameSceneNPCScriptReference2ECD,　　　ゲームオーバー
cGameSceneNPCScriptReference2ECE,バカなことをいうな!
cGameSceneNPCScriptReference2ECF,ちじょうを　はかいだなんて<BR>そんなこと　させるものか!!
cGameSceneNPCScriptReference2ED0,そのとおりや!<BR>ていとの　へいわを<BR>まもるのが　ウチら
cGameSceneNPCScriptReference2ED1,ていこくかげきだんの<BR>しめい　なんや!!
cGameSceneNPCScriptReference2ED2,フフフ……そうか<BR>ざんねんだが　それならば<BR>しかたがない……
cGameSceneNPCScriptReference2ED3,おまえたちには<BR>ここで　しんでもらう……
cGameSceneNPCScriptReference2ED4,!!!
cGameSceneNPCScriptReference2ED5,グォォォ……
cGameSceneNPCScriptReference2ED6,な……　なんや………………<BR>この　じゃあくで……………<BR>つよい　れいりょくは………
cGameSceneNPCScriptReference2ED7,フフ……おまえたち……<BR>わが　しもべに<BR>かなうかな……
cGameSceneNPCScriptReference2ED8,な　なんや!<BR>エライ　ごっついヤツや!<BR>ウチらに　たおせるん<BR>かいな!?
cGameSceneNPCScriptReference2ED9,たおせますよ!
cGameSceneNPCScriptReference2EDB,たおせますよ　こうらんさん!<BR>ボクと　こうらんさんが<BR>チカラを　あわせれば<BR>かならず　かてます!!
cGameSceneNPCScriptReference2EDC,そやな!<BR><NAME>はん!!
cGameSceneNPCScriptReference2EDD,ほな　いくでぇ!!
cGameSceneNPCScriptReference2EDF,……………………………………
cGameSceneNPCScriptReference2EE0,スマン　<NAME>はん。<BR>つい　よわきになってもうた。
cGameSceneNPCScriptReference2EE1,<NAME>はんが<BR>いっしょに　おるんや。<BR>あんなやつに　まけるわけ<BR>ないわな。
cGameSceneNPCScriptReference2EE2,ほな　いくでぇ!!
cGameSceneNPCScriptReference2EE3,グオァアァアァァァ〜〜!!
cGameSceneNPCScriptReference2EE4,やりましたね!<BR>こうらんさん!!
cGameSceneNPCScriptReference2EE5,ああ　やったな!<BR><NAME>はん!!
cGameSceneNPCScriptReference2EE6,まかいおう!<BR>アンタの　てしたも<BR>たいしたこと　あらへんな!!
cGameSceneNPCScriptReference2EE7,フ……フハハハハハ!!
cGameSceneNPCScriptReference2EE8,な……<BR>なにが　おかしいねん!!
cGameSceneNPCScriptReference2EE9,フハハハ……　なかなか<BR>やるではないか……
cGameSceneNPCScriptReference2EEA,おまえたちを　たおし<BR>まものにかえて<BR>われの　あたらしい<BR>しもべと　してやろう。
cGameSceneNPCScriptReference2EEB,なんやと!!
cGameSceneNPCScriptReference2EEC,そんなことは　させない!
cGameSceneNPCScriptReference2EEE,そんなことは　させない!<BR>やられるのは　おまえだ!!<BR>まかいおう!!!
cGameSceneNPCScriptReference2EEF,そのとおりや!<BR>おまえを　たおして<BR>にどと　よみがえらんよう<BR>ふういんしたる!!
cGameSceneNPCScriptReference2EF1,……………………………………
cGameSceneNPCScriptReference2EF2,そんなことは　させへん!<BR>やられるのは　おまえや!!<BR>まかいおう!!!
cGameSceneNPCScriptReference2EF3,おまえを　たおして<BR>にどと　よみがえらんよう<BR>ふういんしたる!!
cGameSceneNPCScriptReference2EF4,フフフ……<BR>できるかな?……
cGameSceneNPCScriptReference2EF5,いくでぇ!<BR><NAME>はん!!
cGameSceneNPCScriptReference2EF6,うおおおおおおおおおおおおお<BR>おおおおおおおおおおおおおお<BR>おおおおおおおおおおおおおお<BR>おおおおおーーーーーーーっ!
cGameSceneNPCScriptReference2EF7,おぼえておれ……<BR>われは　なんどでも<BR>よみがえってくる……<BR>ぐぅっ……!!!
cGameSceneNPCScriptReference2EF8,はあ……はあ……や……<BR>やりましたね　こうらんさん。
cGameSceneNPCScriptReference2EF9,<NAME>はん!<BR>『まじんき』を　はやく<BR>だいざに!
cGameSceneNPCScriptReference2EFA,あの　トビラを　えいえんに<BR>とじるんや!!
cGameSceneNPCScriptReference2EFB,まずは　『まじんき・かがみ』<BR>を……
cGameSceneNPCScriptReference2EFC,よし!<BR>つぎは……と
cGameSceneNPCScriptReference2EFD,ここは　『まじんき・たま』<BR>だな……
cGameSceneNPCScriptReference2EFE,よし!<BR>さいごは……
cGameSceneNPCScriptReference2EFF,『まじんき・けん』だ!
cGameSceneNPCScriptReference2F00,よし!<BR>ぜんぶ　おいたぞ。
cGameSceneNPCScriptReference2F01,……!!<BR>みてみぃ!<BR><NAME>はん!!
cGameSceneNPCScriptReference2F02,こうらんさん……
cGameSceneNPCScriptReference2F03,<NAME>はん<BR>ついに　やったな。
cGameSceneNPCScriptReference2F04,はい!<BR>…………でも
cGameSceneNPCScriptReference2F05,『まじんき』を<BR>かいしゅうするだけの<BR>にんむ　だったのに<BR>こんなことに　なるなんて……
cGameSceneNPCScriptReference2F06,そやな……<BR>まさか　ちじょうの　しはいを<BR>たくらむヤツが　こんな<BR>とこに　おるなんてな……
cGameSceneNPCScriptReference2F07,それにしても<BR><NAME>はんは<BR>ホンマ　よーやった。<BR>さすがやで。
cGameSceneNPCScriptReference2F08,こころから　おれいを<BR>いわせてもらうわ。<BR>おおきに　ありがとう。
cGameSceneNPCScriptReference2F09,さあ　『まじんき』を<BR>もって　ていげきに<BR>かえるで!
cGameSceneNPCScriptReference2F0A,にんむかんりょう!<BR>ていげきに　きかんや!<BR><NAME>はん!!
cGameSceneNPCScriptReference2F0B,こ……こうらんさん!<BR>あ……あれは　まさか……
cGameSceneNPCScriptReference2F0C,あれが　『まかいのトビラ』<BR>じゃ　ないですか?
cGameSceneNPCScriptReference2F0D,ああ……<BR>きっと　そうや……
cGameSceneNPCScriptReference2F0E,!!
cGameSceneNPCScriptReference2F0F,まずいで!<BR>あとちょっとで　かんぜんに<BR>ひらいてしまう!!
cGameSceneNPCScriptReference2F10,なんとかして<BR>トビラを　とじんと!!
cGameSceneNPCScriptReference2F11,こうらんさん。<BR>ここにある　だいざみたいな<BR>ものは　もしかして……
cGameSceneNPCScriptReference2F12,……これは　いかにも<BR>『まじんき・けん』を<BR>おいてくれと　いわんばかりの<BR>だいざやな……
cGameSceneNPCScriptReference2F13,あっちは　どないやろ?
cGameSceneNPCScriptReference2F14,どうやら　こっちは<BR>『まじんき・たま』を<BR>おくための　だいざ<BR>みたいやな。
cGameSceneNPCScriptReference2F15,<NAME>はん<BR>むこうの　だいざは<BR>どないなっとる?
cGameSceneNPCScriptReference2F16,こっちは……<BR>『まじんき・かがみ』を<BR>おく　だいざの　ようです。
cGameSceneNPCScriptReference2F17,どういうこと<BR>なんでしょう……
cGameSceneNPCScriptReference2F18,たぶん……　『まじんき』が<BR>この　『まかいのトビラ』の<BR>カギになってるんやろ。
cGameSceneNPCScriptReference2F19,では　いっこくもはやく<BR>『まじんき』を　つかって<BR>あの　トビラを　とじないと<BR>いけませんね!
cGameSceneNPCScriptReference2F1A,そやな。<BR>いそいで　だいざに<BR>『まじんき』を　おいていこ。
cGameSceneNPCScriptReference2F1B,うっ!<BR>まずいで!!
cGameSceneNPCScriptReference2F1C,アカン!<BR>トビラが　かんぜんに<BR>ひらいてもうた!!
cGameSceneNPCScriptReference2F1D,<NAME>はん!　<BR>きをつけるんや!<BR>じゃあくな　れいりょくを<BR>かんじる!!!
cGameSceneNPCScriptReference2F1E,われの　めざめを<BR>じゃまするものは<BR>だれだ……
cGameSceneNPCScriptReference2F1F,わたしは<BR>ていこくかげきだん・はなぐみ<BR><NAME>!!
cGameSceneNPCScriptReference2F20,おまえは　なにもの!
cGameSceneNPCScriptReference2F21,われは　まかいおう……<BR>ちのそこにて　ながくねむりし<BR>まもののおう。
cGameSceneNPCScriptReference2F22,きょだいな　ちからにより<BR>トビラが　ひらかれし<BR>いま……
cGameSceneNPCScriptReference2F23,われら　まものが<BR>ちじょうを　しはいする……
cGameSceneNPCScriptReference2F24,おまえも　まものとなり<BR>われと　ともに　ちじょうを<BR>はかいしつくさぬか?
cGameSceneNPCScriptReference2F25,おもしろそうね
cGameSceneNPCScriptReference2F27,おことわりよ!!
cGameSceneNPCScriptReference2F29,おもしろそうね!
cGameSceneNPCScriptReference2F2A,<NAME>はん!<BR>なんちゅーことを!!
cGameSceneNPCScriptReference2F2B,よーし!　<BR>わたしも　まものになって<BR>せかいを　しはい<BR>しちゃおっと!
cGameSceneNPCScriptReference2F2C,フフフフフフ……<BR>ならば　われのもとへ……
cGameSceneNPCScriptReference2F2D,せかいは　まかいおうと<BR><NAME>によって<BR>ほろぼされた。
cGameSceneNPCScriptReference2F2E,　　　ゲームオーバー
cGameSceneNPCScriptReference2F2F,おことわりよ!!
cGameSceneNPCScriptReference2F30,ちじょうを　はかいだなんて<BR>そんなこと<BR>させるもんですか!!
cGameSceneNPCScriptReference2F31,そのとおりや!<BR>ていとの　へいわを<BR>まもるのが　ウチら
cGameSceneNPCScriptReference2F32,ていこくかげきだんの<BR>しめい　なんや!!
cGameSceneNPCScriptReference2F33,フフフ……そうか<BR>ざんねんだが　それならば<BR>しかたがない……
cGameSceneNPCScriptReference2F34,おまえたちには<BR>ここで　しんでもらう……
cGameSceneNPCScriptReference2F35,!!!
cGameSceneNPCScriptReference2F36,グォォォ……
cGameSceneNPCScriptReference2F37,な……　なんや………………<BR>この　じゃあくで……………<BR>つよい　れいりょくは………
cGameSceneNPCScriptReference2F38,フフ……おまえたち……<BR>わが　しもべに<BR>かなうかな……
cGameSceneNPCScriptReference2F39,な　なんや!<BR>エライ　ごっついヤツや!<BR>ウチらに　たおせるん<BR>かいな!?
cGameSceneNPCScriptReference2F3A,たおせますよ!
cGameSceneNPCScriptReference2F3C,たおせますよ　こうらんさん!<BR>わたしと　こうらんさんが<BR>チカラを　あわせれば<BR>かならず　かてます!!
cGameSceneNPCScriptReference2F3D,そやな!<BR><NAME>はん!!
cGameSceneNPCScriptReference2F3E,ほな　いくでぇ!!
cGameSceneNPCScriptReference2F40,……………………………………
cGameSceneNPCScriptReference2F41,スマン　<NAME>はん。<BR>つい　よわきになってもうた。
cGameSceneNPCScriptReference2F42,<NAME>はんが<BR>いっしょに　おるんや。<BR>あんなやつに　まけるわけ<BR>ないわな。
cGameSceneNPCScriptReference2F43,ほな　いくでぇ!!
cGameSceneNPCScriptReference2F44,グオァアァアァァァ〜〜!!
cGameSceneNPCScriptReference2F45,やりましたね!<BR>こうらんさん!!
cGameSceneNPCScriptReference2F46,ああ　やったな!<BR><NAME>はん!!
cGameSceneNPCScriptReference2F47,まかいおう!<BR>アンタの　てしたも<BR>たいしたこと　あらへんな!!
cGameSceneNPCScriptReference2F48,フ……フハハハハハ!!
cGameSceneNPCScriptReference2F49,な……<BR>なにが　おかしいねん!!
cGameSceneNPCScriptReference2F4A,フハハハ……　なかなか<BR>やるではないか……
cGameSceneNPCScriptReference2F4B,おまえたちを　たおし<BR>まものにかえて<BR>われの　あたらしい<BR>しもべと　してやろう。
cGameSceneNPCScriptReference2F4C,なんやと!!
cGameSceneNPCScriptReference2F4D,そんなことは　させないわ!
cGameSceneNPCScriptReference2F4F,そんなことは　させないわ!<BR>やられるのは　おまえよ!!<BR>まかいおう!!!
cGameSceneNPCScriptReference2F50,そのとおりや!<BR>おまえを　たおして<BR>にどと　よみがえらんよう<BR>ふういんしたる!!
cGameSceneNPCScriptReference2F52,……………………………………
cGameSceneNPCScriptReference2F53,そんなことは　させへん!<BR>やられるのは　おまえや!!<BR>まかいおう!!!
cGameSceneNPCScriptReference2F54,おまえを　たおして<BR>にどと　よみがえらんよう<BR>ふういんしたる!!
cGameSceneNPCScriptReference2F55,フフフ……<BR>できるかな?……
cGameSceneNPCScriptReference2F56,いくでぇ!<BR><NAME>はん!!
cGameSceneNPCScriptReference2F57,うおおおおおおおおおおおおお<BR>おおおおおおおおおおおおおお<BR>おおおおおおおおおおおおおお<BR>おおおおおーーーーーーーっ!
cGameSceneNPCScriptReference2F58,おぼえておれ……<BR>われは　なんどでも<BR>よみがえってくる……<BR>ぐぅっ……!!!
cGameSceneNPCScriptReference2F59,はあ……はあ……や……<BR>やりましたね　こうらんさん。
cGameSceneNPCScriptReference2F5A,<NAME>はん!<BR>『まじんき』を　はやく<BR>だいざに!
cGameSceneNPCScriptReference2F5B,あの　トビラを　えいえんに<BR>とじるんや!!
cGameSceneNPCScriptReference2F5C,まずは　『まじんき・かがみ』<BR>を……
cGameSceneNPCScriptReference2F5D,よし!<BR>つぎは……と
cGameSceneNPCScriptReference2F5E,ここは　『まじんき・たま』<BR>だな……
cGameSceneNPCScriptReference2F5F,よし!<BR>さいごは……
cGameSceneNPCScriptReference2F60,『まじんき・けん』よ!
cGameSceneNPCScriptReference2F61,よし!<BR>ぜんぶ　おいたわ。
cGameSceneNPCScriptReference2F62,……!!<BR>みてみぃ!<BR><NAME>はん!!
cGameSceneNPCScriptReference2F63,こうらんさん……
cGameSceneNPCScriptReference2F64,<NAME>はん<BR>ついに　やったな。
cGameSceneNPCScriptReference2F65,はい!<BR>…………でも
cGameSceneNPCScriptReference2F66,『まじんき』を<BR>かいしゅうするだけの<BR>にんむ　だったのに<BR>こんなことに　なるなんて……
cGameSceneNPCScriptReference2F67,そやな……<BR>まさか　ちじょうの　しはいを<BR>たくらむヤツが　こんな<BR>とこに　おるなんてな……
cGameSceneNPCScriptReference2F68,それにしても<BR><NAME>はんは<BR>ホンマ　よーやった。<BR>さすがやで。
cGameSceneNPCScriptReference2F69,こころから　おれいを<BR>いわせてもらうわ。<BR>おおきに　ありがとう。
cGameSceneNPCScriptReference2F6A,さあ　『まじんき』を<BR>もって　ていげきに<BR>かえるで!
cGameSceneNPCScriptReference2F6B,にんむかんりょう!<BR>ていげきに　きかんや!<BR><NAME>はん!!
cGameSceneNPCScriptReference2F6C,お……おりひめさん!<BR>あ……あれは　まさか……
cGameSceneNPCScriptReference2F6D,あれが　『まかいのトビラ』<BR>じゃ　ないですか?
cGameSceneNPCScriptReference2F6E,きっと　そうに<BR>ちがいありませーん!
cGameSceneNPCScriptReference2F6F,!!
cGameSceneNPCScriptReference2F70,Oh!　No!!<BR>このままでは　トビラが<BR>フルオープンして<BR>しまいまーす!
cGameSceneNPCScriptReference2F71,はやく　トビラを<BR>クローズしないと<BR>いけませーん!
cGameSceneNPCScriptReference2F72,おりひめさん。<BR>ここにある　だいざみたいな<BR>ものは…………
cGameSceneNPCScriptReference2F73,……これは　いかにも<BR>『まじんき・けん』を<BR>おいてくれと　いわんばかりの<BR>だいざでーす。
cGameSceneNPCScriptReference2F74,あちらは　どうでしょう?
cGameSceneNPCScriptReference2F75,こちらは<BR>『まじんき・たま』を<BR>おくための　だいざの<BR>ようでーす。
cGameSceneNPCScriptReference2F76,<NAME>さん。<BR>むこうの　だいざは<BR>どうでーすか?
cGameSceneNPCScriptReference2F77,こっちは……<BR>『まじんき・かがみ』を<BR>おく　だいざの　ようです。
cGameSceneNPCScriptReference2F78,どういうこと<BR>なんでしょう……
cGameSceneNPCScriptReference2F79,たぶん　『まじんき』が<BR>この　『まかいのトビラ』の<BR>カギに　なっているのでーす。
cGameSceneNPCScriptReference2F7A,じゃあ　はやく<BR>『まじんき』を　つかって<BR>あの　トビラを　とじないと!
cGameSceneNPCScriptReference2F7B,イエス!<BR>おおいそぎで<BR>『まじんき』を　だいざに<BR>おいて　いくのでーす!!
cGameSceneNPCScriptReference2F7C,Oh!　No!!
cGameSceneNPCScriptReference2F7D,やられました!<BR>トビラが　フルオープンして<BR>しまいまーした!!
cGameSceneNPCScriptReference2F7E,<NAME>さん!<BR>ちょっち　ヤバイでーす!<BR>じゃあくな　れいりょくを<BR>かんじまーす!!!
cGameSceneNPCScriptReference2F7F,われの　めざめを<BR>じゃまするものは<BR>だれだ……
cGameSceneNPCScriptReference2F80,ボクは<BR>ていこくかげきだん・はなぐみ<BR><NAME>だ!
cGameSceneNPCScriptReference2F81,おまえは　なにものだ!
cGameSceneNPCScriptReference2F82,われは　まかいおう……<BR>ちのそこにて　ながくねむりし<BR>まもののおう。
cGameSceneNPCScriptReference2F83,きょだいな　ちからにより<BR>トビラが　ひらかれし<BR>いま……
cGameSceneNPCScriptReference2F84,われら　まものが<BR>ちじょうを　しはいする……
cGameSceneNPCScriptReference2F85,おまえも　まものとなり<BR>われと　ともに　ちじょうを<BR>はかいしつくさぬか?
cGameSceneNPCScriptReference2F86,おもしろそうだ
cGameSceneNPCScriptReference2F88,バカなことをいうな!
cGameSceneNPCScriptReference2F8A,おもしろそうだな!
cGameSceneNPCScriptReference2F8B,Oh!　No!!<BR><NAME>さん<BR>なに　いってるでーすか!!
cGameSceneNPCScriptReference2F8C,よし!　<BR>ボクも　まものになって<BR>せかいを　しはいしてやる!
cGameSceneNPCScriptReference2F8D,フフフフフフ……<BR>ならば　われのもとへ……
cGameSceneNPCScriptReference2F8E,せかいは　まかいおうと<BR><NAME>によって<BR>ほろぼされた。
cGameSceneNPCScriptReference2F8F,　　　ゲームオーバー
cGameSceneNPCScriptReference2F90,バカなことをいうな!
cGameSceneNPCScriptReference2F91,ちじょうを　はかいだなんて<BR>そんなこと　させるものか!!
cGameSceneNPCScriptReference2F92,そのとおりでーす!<BR>ていとの　へいわを<BR>まもるのが　わたしたち
cGameSceneNPCScriptReference2F93,ていこくかげきだんの<BR>しめい　なのでーす!!
cGameSceneNPCScriptReference2F94,フフフ……そうか<BR>ざんねんだが　それならば<BR>しかたがない……
cGameSceneNPCScriptReference2F95,おまえたちには<BR>ここで　しんでもらう……
cGameSceneNPCScriptReference2F96,!!!
cGameSceneNPCScriptReference2F97,グォォォ……
cGameSceneNPCScriptReference2F98,す……　すごく………………<BR>じゃあくで　つよい…………<BR>れいりょくでーす……………
cGameSceneNPCScriptReference2F99,フフ……おまえたち……<BR>わが　しもべに<BR>かなうかな……
cGameSceneNPCScriptReference2F9A,バカにしないでくださーい!<BR>わたしたちが　こんなまものに<BR>まけるわけ　ありませーん。<BR>ねっ!　<NAME>さん!!
cGameSceneNPCScriptReference2F9B,はい!
cGameSceneNPCScriptReference2F9D,はい!<BR>おりひめさん!!
cGameSceneNPCScriptReference2F9E,わたしと　<NAME>さんが<BR>チカラを　あわせれば<BR>かてない　てきなど<BR>いませーん!!
cGameSceneNPCScriptReference2F9F,レッツ!<BR>ファイトでーす!
cGameSceneNPCScriptReference2FA1,……………………………………
cGameSceneNPCScriptReference2FA2,<NAME>さん<BR>きんちょうしなくても<BR>だいじょうぶでーす。
cGameSceneNPCScriptReference2FA3,いまの　<NAME>さんなら<BR>あんな　まもの<BR>かんたんに　たおせまーす。
cGameSceneNPCScriptReference2FA4,レッツ!<BR>ファイトでーす!
cGameSceneNPCScriptReference2FA5,グオァアァアァァァ〜〜!!
cGameSceneNPCScriptReference2FA6,やりましたね!<BR>おりひめさん!!
cGameSceneNPCScriptReference2FA7,Oh!　ワンダフルでーす!<BR><NAME>さん!!
cGameSceneNPCScriptReference2FA8,まかいおうさん。<BR>あなたの　てしたも<BR>たいしたこと　ないでーす!
cGameSceneNPCScriptReference2FA9,フ……フハハハハハ!!
cGameSceneNPCScriptReference2FAA,な……<BR>なにが　おかしいですか!!
cGameSceneNPCScriptReference2FAB,フハハハ……　なかなか<BR>やるではないか……
cGameSceneNPCScriptReference2FAC,おまえたちを　たおし<BR>まものにかえて<BR>われの　あたらしい<BR>しもべと　してやろう。
cGameSceneNPCScriptReference2FAD,ええっ!!
cGameSceneNPCScriptReference2FAE,そんなことは　させない!
cGameSceneNPCScriptReference2FB0,そんなことは　させない!<BR>やられるのは　おまえだ!!<BR>まかいおう!!!
cGameSceneNPCScriptReference2FB1,そのとおりでーす!<BR>おまえを　たおして<BR>にどと　よみがえらないよう<BR>ふういん　するでーす!!
cGameSceneNPCScriptReference2FB3,……………………………………
cGameSceneNPCScriptReference2FB4,そんなことは　させませーん!<BR>やられるのは　おまえでーす!<BR>まかいおう!!!
cGameSceneNPCScriptReference2FB5,おまえを　たおし<BR>にどと　よみがえらないよう<BR>ふういん　するでーす!!
cGameSceneNPCScriptReference2FB6,フフフ……<BR>できるかな?……
cGameSceneNPCScriptReference2FB7,レッツ!　ファイトでーす!<BR><NAME>さん!!
cGameSceneNPCScriptReference2FB8,うおおおおおおおおおおおおお<BR>おおおおおおおおおおおおおお<BR>おおおおおおおおおおおおおお<BR>おおおおおーーーーーーーっ!
cGameSceneNPCScriptReference2FB9,おぼえておれ……<BR>われは　なんどでも<BR>よみがえってくる……<BR>ぐぅっ……!!!
cGameSceneNPCScriptReference2FBA,はあ……はあ……や……<BR>やりましたね　おりひめさん。
cGameSceneNPCScriptReference2FBB,<NAME>さん!<BR>『まじんき』を　だいざに<BR>おいていくのでーす!!
cGameSceneNPCScriptReference2FBC,あの　トビラを　えいえんに<BR>とじるのでーす!!
cGameSceneNPCScriptReference2FBD,まずは　『まじんき・かがみ』<BR>を……
cGameSceneNPCScriptReference2FBE,よし!<BR>つぎは……と
cGameSceneNPCScriptReference2FBF,ここは　『まじんき・たま』<BR>だな……
cGameSceneNPCScriptReference2FC0,よし!<BR>さいごは……
cGameSceneNPCScriptReference2FC1,『まじんき・けん』だ!
cGameSceneNPCScriptReference2FC2,よし!<BR>ぜんぶ　おいたぞ。
cGameSceneNPCScriptReference2FC3,<NAME>さん!<BR>みてくださーい!!
cGameSceneNPCScriptReference2FC4,おりひめさん……
cGameSceneNPCScriptReference2FC5,<NAME>さん<BR>やりましたね。
cGameSceneNPCScriptReference2FC6,はい!<BR>…………でも
cGameSceneNPCScriptReference2FC7,『まじんき』を<BR>かいしゅうするだけの<BR>にんむ　だったのに<BR>こんなことに　なるなんて……
cGameSceneNPCScriptReference2FC8,そうでーすね。<BR>まさか　ちじょうの　しはいを<BR>たくらむ　やつらが<BR>いたなんて　ビックリでーす。
cGameSceneNPCScriptReference2FC9,それにしても<BR><NAME>さんは<BR>ほんとうに　よく<BR>がんばりました。
cGameSceneNPCScriptReference2FCA,ほめてあげまーす!<BR><NAME>さんは<BR>サイコーでーす!!
cGameSceneNPCScriptReference2FCB,さあ　『まじんき』を<BR>もって　ていげきに<BR>かえりましょー!
cGameSceneNPCScriptReference2FCC,にんむかんりょう!<BR>ていげきに　かえるでーす!<BR><NAME>さん!!
cGameSceneNPCScriptReference2FCD,お……おりひめさん!<BR>あ……あれは　まさか……
cGameSceneNPCScriptReference2FCE,あれが　『まかいのトビラ』<BR>じゃ　ないでしょうか?
cGameSceneNPCScriptReference2FCF,きっと　そうに<BR>ちがいありませーん!
cGameSceneNPCScriptReference2FD0,!!
cGameSceneNPCScriptReference2FD1,Oh!　No!!<BR>このままでは　トビラが<BR>フルオープンして<BR>しまいまーす!!
cGameSceneNPCScriptReference2FD2,はやく　トビラを<BR>クローズしないと<BR>いけませーん!!
cGameSceneNPCScriptReference2FD3,おりひめさん。<BR>ここにある　だいざみたいな<BR>ものは…………
cGameSceneNPCScriptReference2FD4,……これは　いかにも<BR>『まじんき・けん』を<BR>おいてくれと　いわんばかりの<BR>だいざでーす。
cGameSceneNPCScriptReference2FD5,あちらは　どうでしょう?
cGameSceneNPCScriptReference2FD6,こちらは<BR>『まじんき・たま』を<BR>おくための　だいざの<BR>ようでーす。
cGameSceneNPCScriptReference2FD7,<NAME>さん。<BR>むこうの　だいざは<BR>どうでーすか?
cGameSceneNPCScriptReference2FD8,こっちは……<BR>『まじんき・かがみ』を<BR>おく　だいざの　ようです。
cGameSceneNPCScriptReference2FD9,どういうこと<BR>なんでしょう……
cGameSceneNPCScriptReference2FDA,たぶん　『まじんき』が<BR>この　『まかいのトビラ』の<BR>カギに　なっているのでーす。
cGameSceneNPCScriptReference2FDB,では　いっこくもはやく<BR>『まじんき』を　つかって<BR>あの　トビラを　とじないと<BR>いけませんね!
cGameSceneNPCScriptReference2FDC,イエス!<BR>おおいそぎで<BR>『まじんき』を　だいざに<BR>おいて　いくのでーす!!
cGameSceneNPCScriptReference2FDD,Oh!　No!!
cGameSceneNPCScriptReference2FDE,やられました!<BR>トビラが　フルオープンして<BR>しまいまーした!!
cGameSceneNPCScriptReference2FDF,<NAME>さん!<BR>ちょっち　ヤバイでーす!<BR>じゃあくな　れいりょくを<BR>かんじまーす!!!
cGameSceneNPCScriptReference2FE0,われの　めざめを<BR>じゃまするものは<BR>だれだ……
cGameSceneNPCScriptReference2FE1,わたしは<BR>ていこくかげきだん・はなぐみ<BR><NAME>!!
cGameSceneNPCScriptReference2FE2,おまえは　なにもの!
cGameSceneNPCScriptReference2FE3,われは　まかいおう……<BR>ちのそこにて　ながくねむりし<BR>まもののおう。
cGameSceneNPCScriptReference2FE4,きょだいな　ちからにより<BR>トビラが　ひらかれし<BR>いま……
cGameSceneNPCScriptReference2FE5,われら　まものが<BR>ちじょうを　しはいする……
cGameSceneNPCScriptReference2FE6,おまえも　まものとなり<BR>われと　ともに　ちじょうを<BR>はかいしつくさぬか?
cGameSceneNPCScriptReference2FE7,おもしろそうね
cGameSceneNPCScriptReference2FE9,おことわりよ!!
cGameSceneNPCScriptReference2FEB,おもしろそうね!
cGameSceneNPCScriptReference2FEC,Oh!　No!!<BR><NAME>さん<BR>なに　いってるでーすか!!
cGameSceneNPCScriptReference2FED,よーし!　<BR>わたしも　まものになって<BR>せかいを　しはい<BR>しちゃおっと!
cGameSceneNPCScriptReference2FEE,フフフフフフ……<BR>ならば　われのもとへ……
cGameSceneNPCScriptReference2FEF,せかいは　まかいおうと<BR><NAME>によって<BR>ほろぼされた。
cGameSceneNPCScriptReference2FF0,　　　ゲームオーバー
cGameSceneNPCScriptReference2FF1,おことわりよ!!
cGameSceneNPCScriptReference2FF2,ちじょうを　はかいだなんて<BR>そんなこと<BR>させるもんですか!!
cGameSceneNPCScriptReference2FF3,そのとおりでーす!<BR>ていとの　へいわを<BR>まもるのが　わたしたち
cGameSceneNPCScriptReference2FF4,ていこくかげきだんの<BR>しめい　なのでーす!!
cGameSceneNPCScriptReference2FF5,フフフ……そうか<BR>ざんねんだが　それならば<BR>しかたがない……
cGameSceneNPCScriptReference2FF6,おまえたちには<BR>ここで　しんでもらう……
cGameSceneNPCScriptReference2FF7,!!!
cGameSceneNPCScriptReference2FF8,グォォォ……
cGameSceneNPCScriptReference2FF9,す……　すごく………………<BR>じゃあくで　つよい…………<BR>れいりょくでーす……………
cGameSceneNPCScriptReference2FFA,フフ……おまえたち……<BR>わが　しもべに<BR>かなうかな……
cGameSceneNPCScriptReference2FFB,バカにしないでくださーい!<BR>わたしたちが　こんなまものに<BR>まけるわけ　ありませーん。<BR>ねっ!　<NAME>さん!!
cGameSceneNPCScriptReference2FFC,はい!
cGameSceneNPCScriptReference2FFE,はい!<BR>おりひめさん!!
cGameSceneNPCScriptReference2FFF,わたしと　<NAME>さんが<BR>チカラを　あわせれば<BR>かてない　てきなど<BR>いませーん!!
cGameSceneNPCScriptReference3000,レッツ!<BR>ファイトでーす!
cGameSceneNPCScriptReference3002,……………………………………
cGameSceneNPCScriptReference3003,<NAME>さん<BR>きんちょうしなくても<BR>だいじょうぶでーす。
cGameSceneNPCScriptReference3004,いまの　<NAME>さんなら<BR>あんな　まもの<BR>かんたんに　たおせまーす。
cGameSceneNPCScriptReference3005,レッツ!<BR>ファイトでーす!
cGameSceneNPCScriptReference3006,グオァアァアァァァ〜〜!!
cGameSceneNPCScriptReference3007,やりましたね!<BR>おりひめさん!!
cGameSceneNPCScriptReference3008,Oh!　ワンダフルでーす!<BR><NAME>さん!!
cGameSceneNPCScriptReference3009,まかいおうさん。<BR>あなたの　てしたも<BR>たいしたこと　ないでーす!
cGameSceneNPCScriptReference300A,フ……フハハハハハ!!
cGameSceneNPCScriptReference300B,な……<BR>なにが　おかしいですか!!
cGameSceneNPCScriptReference300C,フハハハ……　なかなか<BR>やるではないか……
cGameSceneNPCScriptReference300D,おまえたちを　たおし<BR>まものにかえて<BR>われの　あたらしい<BR>しもべと　してやろう。
cGameSceneNPCScriptReference300E,ええっ!!
cGameSceneNPCScriptReference300F,そんなことは　させないわ!
cGameSceneNPCScriptReference3011,そんなことは　させないわ!<BR>やられるのは　おまえよ!!<BR>まかいおう!!!
cGameSceneNPCScriptReference3012,そのとおりでーす!<BR>おまえを　たおして<BR>にどと　よみがえらないよう<BR>ふういん　するでーす!!
cGameSceneNPCScriptReference3014,……………………………………
cGameSceneNPCScriptReference3015,そんなことは　させませーん!<BR>やられるのは　おまえでーす!<BR>まかいおう!!!
cGameSceneNPCScriptReference3016,おまえを　たおし<BR>にどと　よみがえらないよう<BR>ふういん　するでーす!!
cGameSceneNPCScriptReference3017,フフフ……<BR>できるかな?……
cGameSceneNPCScriptReference3018,レッツ!　ファイトでーす!<BR><NAME>さん!!
cGameSceneNPCScriptReference3019,うおおおおおおおおおおおおお<BR>おおおおおおおおおおおおおお<BR>おおおおおおおおおおおおおお<BR>おおおおおーーーーーーーっ!
cGameSceneNPCScriptReference301A,おぼえておれ……<BR>われは　なんどでも<BR>よみがえってくる……<BR>ぐぅっ……!!!
cGameSceneNPCScriptReference301B,はあ……はあ……や……<BR>やりましたね　おりひめさん。
cGameSceneNPCScriptReference301C,<NAME>さん!<BR>『まじんき』を　だいざに<BR>おいていくのでーす!!
cGameSceneNPCScriptReference301D,あの　トビラを　えいえんに<BR>とじるのでーす!!
cGameSceneNPCScriptReference301E,まずは　『まじんき・かがみ』<BR>を……
cGameSceneNPCScriptReference301F,よし!<BR>つぎは……と
cGameSceneNPCScriptReference3020,ここは　『まじんき・たま』<BR>ね……
cGameSceneNPCScriptReference3021,よし!<BR>さいごは……
cGameSceneNPCScriptReference3022,『まじんき・けん』よ!
cGameSceneNPCScriptReference3023,よし!<BR>ぜんぶ　おいたわ。
cGameSceneNPCScriptReference3024,<NAME>さん!<BR>みてくださーい!!
cGameSceneNPCScriptReference3025,おりひめさん……
cGameSceneNPCScriptReference3026,<NAME>さん<BR>やりましたね。
cGameSceneNPCScriptReference3027,はい!<BR>…………でも
cGameSceneNPCScriptReference3028,『まじんき』を<BR>かいしゅうするだけの<BR>にんむ　だったのに<BR>こんなことに　なるなんて……
cGameSceneNPCScriptReference3029,そうでーすね。<BR>まさか　ちじょうの　しはいを<BR>たくらむ　やつらが<BR>いたなんて　ビックリでーす。
cGameSceneNPCScriptReference302A,それにしても<BR><NAME>さんは<BR>ほんとうに　よく<BR>がんばりました。
cGameSceneNPCScriptReference302B,ほめてあげまーす!<BR><NAME>さんは<BR>サイコーでーす!!
cGameSceneNPCScriptReference302C,さあ　『まじんき』を<BR>もって　ていげきに<BR>かえりましょー!
cGameSceneNPCScriptReference302D,にんむかんりょう!<BR>ていげきに　かえるでーす!<BR><NAME>さん!!
